algorithm,variant,distribution,dist_name,region_count,peer_count,round_index,command,params,comment,group,mean_ms,stdv_ms,median_ms
HotStuff,,"us-west-1:3,us-east-1:3,eu-west-1:3,ap-northeast-1:3,eu-north-1:3,ap-south-1:3,sa-east-1:3,eu-central-1:3,ap-northeast-2:3,ap-southeast-2:3",10region_alto,10,30,1,wait,"0, threshold=1, delay=(0.1,1)",Reply to proposer PREPARE with VOTE(PREPARE),proposer,0.0,0.0,0.0
HotStuff,,"us-west-1:3,us-east-1:3,eu-west-1:3,ap-northeast-1:3,eu-north-1:3,ap-south-1:3,sa-east-1:3,eu-central-1:3,ap-northeast-2:3,ap-southeast-2:3",10region_alto,10,30,1,wait,"0, threshold=1, delay=(0.1,1)",Reply to proposer PREPARE with VOTE(PREPARE),ap-northeast-1,73.48,41.53,73.0
HotStuff,,"us-west-1:3,us-east-1:3,eu-west-1:3,ap-northeast-1:3,eu-north-1:3,ap-south-1:3,sa-east-1:3,eu-central-1:3,ap-northeast-2:3,ap-southeast-2:3",10region_alto,10,30,1,wait,"0, threshold=1, delay=(0.1,1)",Reply to proposer PREPARE with VOTE(PREPARE),ap-northeast-2,81.88,44.62,81.0
HotStuff,,"us-west-1:3,us-east-1:3,eu-west-1:3,ap-northeast-1:3,eu-north-1:3,ap-south-1:3,sa-east-1:3,eu-central-1:3,ap-northeast-2:3,ap-southeast-2:3",10region_alto,10,30,1,wait,"0, threshold=1, delay=(0.1,1)",Reply to proposer PREPARE with VOTE(PREPARE),ap-south-1,77.68,37.15,72.5
HotStuff,,"us-west-1:3,us-east-1:3,eu-west-1:3,ap-northeast-1:3,eu-north-1:3,ap-south-1:3,sa-east-1:3,eu-central-1:3,ap-northeast-2:3,ap-southeast-2:3",10region_alto,10,30,1,wait,"0, threshold=1, delay=(0.1,1)",Reply to proposer PREPARE with VOTE(PREPARE),ap-southeast-2,91.53,43.98,87.5
HotStuff,,"us-west-1:3,us-east-1:3,eu-west-1:3,ap-northeast-1:3,eu-north-1:3,ap-south-1:3,sa-east-1:3,eu-central-1:3,ap-northeast-2:3,ap-southeast-2:3",10region_alto,10,30,1,wait,"0, threshold=1, delay=(0.1,1)",Reply to proposer PREPARE with VOTE(PREPARE),eu-central-1,66.26,44.58,71.5
HotStuff,,"us-west-1:3,us-east-1:3,eu-west-1:3,ap-northeast-1:3,eu-north-1:3,ap-south-1:3,sa-east-1:3,eu-central-1:3,ap-northeast-2:3,ap-southeast-2:3",10region_alto,10,30,1,wait,"0, threshold=1, delay=(0.1,1)",Reply to proposer PREPARE with VOTE(PREPARE),eu-north-1,73.99,48.04,79.5
HotStuff,,"us-west-1:3,us-east-1:3,eu-west-1:3,ap-northeast-1:3,eu-north-1:3,ap-south-1:3,sa-east-1:3,eu-central-1:3,ap-northeast-2:3,ap-southeast-2:3",10region_alto,10,30,1,wait,"0, threshold=1, delay=(0.1,1)",Reply to proposer PREPARE with VOTE(PREPARE),eu-west-1,62.66,42.43,63.0
HotStuff,,"us-west-1:3,us-east-1:3,eu-west-1:3,ap-northeast-1:3,eu-north-1:3,ap-south-1:3,sa-east-1:3,eu-central-1:3,ap-northeast-2:3,ap-southeast-2:3",10region_alto,10,30,1,wait,"0, threshold=1, delay=(0.1,1)",Reply to proposer PREPARE with VOTE(PREPARE),sa-east-1,102.43,45.13,106.5
HotStuff,,"us-west-1:3,us-east-1:3,eu-west-1:3,ap-northeast-1:3,eu-north-1:3,ap-south-1:3,sa-east-1:3,eu-central-1:3,ap-northeast-2:3,ap-southeast-2:3",10region_alto,10,30,1,wait,"0, threshold=1, delay=(0.1,1)",Reply to proposer PREPARE with VOTE(PREPARE),us-east-1,57.99,29.2,56.0
HotStuff,,"us-west-1:3,us-east-1:3,eu-west-1:3,ap-northeast-1:3,eu-north-1:3,ap-south-1:3,sa-east-1:3,eu-central-1:3,ap-northeast-2:3,ap-southeast-2:3",10region_alto,10,30,1,wait,"0, threshold=1, delay=(0.1,1)",Reply to proposer PREPARE with VOTE(PREPARE),us-west-1,64.76,29.97,67.0
HotStuff,,"us-west-1:3,us-east-1:3,eu-west-1:3,ap-northeast-1:3,eu-north-1:3,ap-south-1:3,sa-east-1:3,eu-central-1:3,ap-northeast-2:3,ap-southeast-2:3",10region_alto,10,30,1,wait,"0, threshold=1, delay=(0.1,1)",Reply to proposer PREPARE with VOTE(PREPARE),all,75.26,43.15,74.0
HotStuff,,"us-west-1:3,us-east-1:3,eu-west-1:3,ap-northeast-1:3,eu-north-1:3,ap-south-1:3,sa-east-1:3,eu-central-1:3,ap-northeast-2:3,ap-southeast-2:3",10region_alto,10,30,2,collect,"1, threshold=67%, delay=(0.1,1)","Collect VOTE(PREPARE) from 67% of the network and then broadcast (PRECOMMIT, QC_PREPARE)",proposer,203.03,38.56,205.0
HotStuff,,"us-west-1:3,us-east-1:3,eu-west-1:3,ap-northeast-1:3,eu-north-1:3,ap-south-1:3,sa-east-1:3,eu-central-1:3,ap-northeast-2:3,ap-southeast-2:3",10region_alto,10,30,3,wait,"1, threshold=1, delay=(0.1,1)","Reply to proposer (PRECOMMIT, QC_PREPARE) with VOTE(PRECOMMIT)",proposer,204.03,38.56,206.0
HotStuff,,"us-west-1:3,us-east-1:3,eu-west-1:3,ap-northeast-1:3,eu-north-1:3,ap-south-1:3,sa-east-1:3,eu-central-1:3,ap-northeast-2:3,ap-southeast-2:3",10region_alto,10,30,3,wait,"1, threshold=1, delay=(0.1,1)","Reply to proposer (PRECOMMIT, QC_PREPARE) with VOTE(PRECOMMIT)",ap-northeast-1,277.36,60.57,262.5
HotStuff,,"us-west-1:3,us-east-1:3,eu-west-1:3,ap-northeast-1:3,eu-north-1:3,ap-south-1:3,sa-east-1:3,eu-central-1:3,ap-northeast-2:3,ap-southeast-2:3",10region_alto,10,30,3,wait,"1, threshold=1, delay=(0.1,1)","Reply to proposer (PRECOMMIT, QC_PREPARE) with VOTE(PRECOMMIT)",ap-northeast-2,285.27,62.62,268.5
HotStuff,,"us-west-1:3,us-east-1:3,eu-west-1:3,ap-northeast-1:3,eu-north-1:3,ap-south-1:3,sa-east-1:3,eu-central-1:3,ap-northeast-2:3,ap-southeast-2:3",10region_alto,10,30,3,wait,"1, threshold=1, delay=(0.1,1)","Reply to proposer (PRECOMMIT, QC_PREPARE) with VOTE(PRECOMMIT)",ap-south-1,281.39,62.33,274.5
HotStuff,,"us-west-1:3,us-east-1:3,eu-west-1:3,ap-northeast-1:3,eu-north-1:3,ap-south-1:3,sa-east-1:3,eu-central-1:3,ap-northeast-2:3,ap-southeast-2:3",10region_alto,10,30,3,wait,"1, threshold=1, delay=(0.1,1)","Reply to proposer (PRECOMMIT, QC_PREPARE) with VOTE(PRECOMMIT)",ap-southeast-2,295.5,59.2,280.5
HotStuff,,"us-west-1:3,us-east-1:3,eu-west-1:3,ap-northeast-1:3,eu-north-1:3,ap-south-1:3,sa-east-1:3,eu-central-1:3,ap-northeast-2:3,ap-southeast-2:3",10region_alto,10,30,3,wait,"1, threshold=1, delay=(0.1,1)","Reply to proposer (PRECOMMIT, QC_PREPARE) with VOTE(PRECOMMIT)",eu-central-1,271.18,70.4,235.0
HotStuff,,"us-west-1:3,us-east-1:3,eu-west-1:3,ap-northeast-1:3,eu-north-1:3,ap-south-1:3,sa-east-1:3,eu-central-1:3,ap-northeast-2:3,ap-southeast-2:3",10region_alto,10,30,3,wait,"1, threshold=1, delay=(0.1,1)","Reply to proposer (PRECOMMIT, QC_PREPARE) with VOTE(PRECOMMIT)",eu-north-1,278.24,71.07,239.0
HotStuff,,"us-west-1:3,us-east-1:3,eu-west-1:3,ap-northeast-1:3,eu-north-1:3,ap-south-1:3,sa-east-1:3,eu-central-1:3,ap-northeast-2:3,ap-southeast-2:3",10region_alto,10,30,3,wait,"1, threshold=1, delay=(0.1,1)","Reply to proposer (PRECOMMIT, QC_PREPARE) with VOTE(PRECOMMIT)",eu-west-1,267.01,70.52,233.0
HotStuff,,"us-west-1:3,us-east-1:3,eu-west-1:3,ap-northeast-1:3,eu-north-1:3,ap-south-1:3,sa-east-1:3,eu-central-1:3,ap-northeast-2:3,ap-southeast-2:3",10region_alto,10,30,3,wait,"1, threshold=1, delay=(0.1,1)","Reply to proposer (PRECOMMIT, QC_PREPARE) with VOTE(PRECOMMIT)",sa-east-1,306.53,58.1,308.0
HotStuff,,"us-west-1:3,us-east-1:3,eu-west-1:3,ap-northeast-1:3,eu-north-1:3,ap-south-1:3,sa-east-1:3,eu-central-1:3,ap-northeast-2:3,ap-southeast-2:3",10region_alto,10,30,3,wait,"1, threshold=1, delay=(0.1,1)","Reply to proposer (PRECOMMIT, QC_PREPARE) with VOTE(PRECOMMIT)",us-east-1,261.38,60.28,267.0
HotStuff,,"us-west-1:3,us-east-1:3,eu-west-1:3,ap-northeast-1:3,eu-north-1:3,ap-south-1:3,sa-east-1:3,eu-central-1:3,ap-northeast-2:3,ap-southeast-2:3",10region_alto,10,30,3,wait,"1, threshold=1, delay=(0.1,1)","Reply to proposer (PRECOMMIT, QC_PREPARE) with VOTE(PRECOMMIT)",us-west-1,268.51,58.34,277.5
HotStuff,,"us-west-1:3,us-east-1:3,eu-west-1:3,ap-northeast-1:3,eu-north-1:3,ap-south-1:3,sa-east-1:3,eu-central-1:3,ap-northeast-2:3,ap-southeast-2:3",10region_alto,10,30,3,wait,"1, threshold=1, delay=(0.1,1)","Reply to proposer (PRECOMMIT, QC_PREPARE) with VOTE(PRECOMMIT)",all,279.24,64.87,270.5
HotStuff,,"us-west-1:3,us-east-1:3,eu-west-1:3,ap-northeast-1:3,eu-north-1:3,ap-south-1:3,sa-east-1:3,eu-central-1:3,ap-northeast-2:3,ap-southeast-2:3",10region_alto,10,30,4,collect,"2, threshold=67%, delay=(0.1,1)","Collect VOTE(PRECOMMIT) from 67% of the network and then broadcast (COMMIT, QC_PRECOMMIT)",proposer,406.47,77.43,410.5
HotStuff,,"us-west-1:3,us-east-1:3,eu-west-1:3,ap-northeast-1:3,eu-north-1:3,ap-south-1:3,sa-east-1:3,eu-central-1:3,ap-northeast-2:3,ap-southeast-2:3",10region_alto,10,30,5,wait,"3, threshold=1, delay=(0.1,1)","Wait for proposer (COMMIT, QC_PRECOMMIT)",proposer,407.47,77.43,411.5
HotStuff,,"us-west-1:3,us-east-1:3,eu-west-1:3,ap-northeast-1:3,eu-north-1:3,ap-south-1:3,sa-east-1:3,eu-central-1:3,ap-northeast-2:3,ap-southeast-2:3",10region_alto,10,30,5,wait,"3, threshold=1, delay=(0.1,1)","Wait for proposer (COMMIT, QC_PRECOMMIT)",ap-northeast-1,480.66,92.32,474.0
HotStuff,,"us-west-1:3,us-east-1:3,eu-west-1:3,ap-northeast-1:3,eu-north-1:3,ap-south-1:3,sa-east-1:3,eu-central-1:3,ap-northeast-2:3,ap-southeast-2:3",10region_alto,10,30,5,wait,"3, threshold=1, delay=(0.1,1)","Wait for proposer (COMMIT, QC_PRECOMMIT)",ap-northeast-2,490.26,93.73,474.5
HotStuff,,"us-west-1:3,us-east-1:3,eu-west-1:3,ap-northeast-1:3,eu-north-1:3,ap-south-1:3,sa-east-1:3,eu-central-1:3,ap-northeast-2:3,ap-southeast-2:3",10region_alto,10,30,5,wait,"3, threshold=1, delay=(0.1,1)","Wait for proposer (COMMIT, QC_PRECOMMIT)",ap-south-1,484.46,96.96,475.5
HotStuff,,"us-west-1:3,us-east-1:3,eu-west-1:3,ap-northeast-1:3,eu-north-1:3,ap-south-1:3,sa-east-1:3,eu-central-1:3,ap-northeast-2:3,ap-southeast-2:3",10region_alto,10,30,5,wait,"3, threshold=1, delay=(0.1,1)","Wait for proposer (COMMIT, QC_PRECOMMIT)",ap-southeast-2,498.98,89.86,498.5
HotStuff,,"us-west-1:3,us-east-1:3,eu-west-1:3,ap-northeast-1:3,eu-north-1:3,ap-south-1:3,sa-east-1:3,eu-central-1:3,ap-northeast-2:3,ap-southeast-2:3",10region_alto,10,30,5,wait,"3, threshold=1, delay=(0.1,1)","Wait for proposer (COMMIT, QC_PRECOMMIT)",eu-central-1,474.49,104.62,438.5
HotStuff,,"us-west-1:3,us-east-1:3,eu-west-1:3,ap-northeast-1:3,eu-north-1:3,ap-south-1:3,sa-east-1:3,eu-central-1:3,ap-northeast-2:3,ap-southeast-2:3",10region_alto,10,30,5,wait,"3, threshold=1, delay=(0.1,1)","Wait for proposer (COMMIT, QC_PRECOMMIT)",eu-north-1,481.51,104.51,439.0
HotStuff,,"us-west-1:3,us-east-1:3,eu-west-1:3,ap-northeast-1:3,eu-north-1:3,ap-south-1:3,sa-east-1:3,eu-central-1:3,ap-northeast-2:3,ap-southeast-2:3",10region_alto,10,30,5,wait,"3, threshold=1, delay=(0.1,1)","Wait for proposer (COMMIT, QC_PRECOMMIT)",eu-west-1,470.21,105.08,450.0
HotStuff,,"us-west-1:3,us-east-1:3,eu-west-1:3,ap-northeast-1:3,eu-north-1:3,ap-south-1:3,sa-east-1:3,eu-central-1:3,ap-northeast-2:3,ap-southeast-2:3",10region_alto,10,30,5,wait,"3, threshold=1, delay=(0.1,1)","Wait for proposer (COMMIT, QC_PRECOMMIT)",sa-east-1,509.9,87.86,519.5
HotStuff,,"us-west-1:3,us-east-1:3,eu-west-1:3,ap-northeast-1:3,eu-north-1:3,ap-south-1:3,sa-east-1:3,eu-central-1:3,ap-northeast-2:3,ap-southeast-2:3",10region_alto,10,30,5,wait,"3, threshold=1, delay=(0.1,1)","Wait for proposer (COMMIT, QC_PRECOMMIT)",us-east-1,466.39,96.39,472.0
HotStuff,,"us-west-1:3,us-east-1:3,eu-west-1:3,ap-northeast-1:3,eu-north-1:3,ap-south-1:3,sa-east-1:3,eu-central-1:3,ap-northeast-2:3,ap-southeast-2:3",10region_alto,10,30,5,wait,"3, threshold=1, delay=(0.1,1)","Wait for proposer (COMMIT, QC_PRECOMMIT)",us-west-1,472.16,93.74,476.5
HotStuff,,"us-west-1:3,us-east-1:3,eu-west-1:3,ap-northeast-1:3,eu-north-1:3,ap-south-1:3,sa-east-1:3,eu-central-1:3,ap-northeast-2:3,ap-southeast-2:3",10region_alto,10,30,5,wait,"3, threshold=1, delay=(0.1,1)","Wait for proposer (COMMIT, QC_PRECOMMIT)",all,482.9,97.55,473.0
HotStuff,,us-east-1:5,1region_5peers,1,5,1,wait,"0, threshold=1, delay=(0.1,1)",Reply to proposer PREPARE with VOTE(PREPARE),proposer,0.0,0.0,0.0
HotStuff,,us-east-1:5,1region_5peers,1,5,1,wait,"0, threshold=1, delay=(0.1,1)",Reply to proposer PREPARE with VOTE(PREPARE),us-east-1,2.12,1.82,2.0
HotStuff,,us-east-1:5,1region_5peers,1,5,1,wait,"0, threshold=1, delay=(0.1,1)",Reply to proposer PREPARE with VOTE(PREPARE),all,2.12,1.82,2.0
HotStuff,,us-east-1:5,1region_5peers,1,5,2,collect,"1, threshold=67%, delay=(0.1,1)","Collect VOTE(PREPARE) from 67% of the network and then broadcast (PRECOMMIT, QC_PREPARE)",proposer,7.0,1.9,7.0
HotStuff,,us-east-1:5,1region_5peers,1,5,3,wait,"1, threshold=1, delay=(0.1,1)","Reply to proposer (PRECOMMIT, QC_PREPARE) with VOTE(PRECOMMIT)",proposer,8.0,1.9,8.0
HotStuff,,us-east-1:5,1region_5peers,1,5,3,wait,"1, threshold=1, delay=(0.1,1)","Reply to proposer (PRECOMMIT, QC_PREPARE) with VOTE(PRECOMMIT)",us-east-1,10.12,2.89,11.0
HotStuff,,us-east-1:5,1region_5peers,1,5,3,wait,"1, threshold=1, delay=(0.1,1)","Reply to proposer (PRECOMMIT, QC_PREPARE) with VOTE(PRECOMMIT)",all,10.12,2.89,11.0
HotStuff,,us-east-1:5,1region_5peers,1,5,4,collect,"2, threshold=67%, delay=(0.1,1)","Collect VOTE(PRECOMMIT) from 67% of the network and then broadcast (COMMIT, QC_PRECOMMIT)",proposer,15.0,3.35,15.0
HotStuff,,us-east-1:5,1region_5peers,1,5,5,wait,"3, threshold=1, delay=(0.1,1)","Wait for proposer (COMMIT, QC_PRECOMMIT)",proposer,16.0,3.35,16.0
HotStuff,,us-east-1:5,1region_5peers,1,5,5,wait,"3, threshold=1, delay=(0.1,1)","Wait for proposer (COMMIT, QC_PRECOMMIT)",us-east-1,18.6,3.75,20.0
HotStuff,,us-east-1:5,1region_5peers,1,5,5,wait,"3, threshold=1, delay=(0.1,1)","Wait for proposer (COMMIT, QC_PRECOMMIT)",all,18.6,3.75,20.0
HotStuff,,"us-east-1:3,eu-west-1:2",2region_5peers,2,5,1,wait,"0, threshold=1, delay=(0.1,1)",Reply to proposer PREPARE with VOTE(PREPARE),proposer,0.0,0.0,0.0
HotStuff,,"us-east-1:3,eu-west-1:2",2region_5peers,2,5,1,wait,"0, threshold=1, delay=(0.1,1)",Reply to proposer PREPARE with VOTE(PREPARE),eu-west-1,21.2,16.97,33.0
HotStuff,,"us-east-1:3,eu-west-1:2",2region_5peers,2,5,1,wait,"0, threshold=1, delay=(0.1,1)",Reply to proposer PREPARE with VOTE(PREPARE),us-east-1,15.07,15.71,4.0
HotStuff,,"us-east-1:3,eu-west-1:2",2region_5peers,2,5,1,wait,"0, threshold=1, delay=(0.1,1)",Reply to proposer PREPARE with VOTE(PREPARE),all,17.52,16.5,5.0
HotStuff,,"us-east-1:3,eu-west-1:2",2region_5peers,2,5,2,collect,"1, threshold=67%, delay=(0.1,1)","Collect VOTE(PREPARE) from 67% of the network and then broadcast (PRECOMMIT, QC_PREPARE)",proposer,68.8,2.14,69.0
HotStuff,,"us-east-1:3,eu-west-1:2",2region_5peers,2,5,3,wait,"1, threshold=1, delay=(0.1,1)","Reply to proposer (PRECOMMIT, QC_PREPARE) with VOTE(PRECOMMIT)",proposer,69.8,2.14,70.0
HotStuff,,"us-east-1:3,eu-west-1:2",2region_5peers,2,5,3,wait,"1, threshold=1, delay=(0.1,1)","Reply to proposer (PRECOMMIT, QC_PREPARE) with VOTE(PRECOMMIT)",eu-west-1,91.4,17.03,101.0
HotStuff,,"us-east-1:3,eu-west-1:2",2region_5peers,2,5,3,wait,"1, threshold=1, delay=(0.1,1)","Reply to proposer (PRECOMMIT, QC_PREPARE) with VOTE(PRECOMMIT)",us-east-1,84.8,16.23,74.0
HotStuff,,"us-east-1:3,eu-west-1:2",2region_5peers,2,5,3,wait,"1, threshold=1, delay=(0.1,1)","Reply to proposer (PRECOMMIT, QC_PREPARE) with VOTE(PRECOMMIT)",all,87.44,16.87,76.0
HotStuff,,"us-east-1:3,eu-west-1:2",2region_5peers,2,5,4,collect,"2, threshold=67%, delay=(0.1,1)","Collect VOTE(PRECOMMIT) from 67% of the network and then broadcast (COMMIT, QC_PRECOMMIT)",proposer,138.0,4.24,140.0
HotStuff,,"us-east-1:3,eu-west-1:2",2region_5peers,2,5,5,wait,"3, threshold=1, delay=(0.1,1)","Wait for proposer (COMMIT, QC_PRECOMMIT)",proposer,139.0,4.24,141.0
HotStuff,,"us-east-1:3,eu-west-1:2",2region_5peers,2,5,5,wait,"3, threshold=1, delay=(0.1,1)","Wait for proposer (COMMIT, QC_PRECOMMIT)",eu-west-1,158.7,17.44,165.5
HotStuff,,"us-east-1:3,eu-west-1:2",2region_5peers,2,5,5,wait,"3, threshold=1, delay=(0.1,1)","Wait for proposer (COMMIT, QC_PRECOMMIT)",us-east-1,154.33,16.02,146.0
HotStuff,,"us-east-1:3,eu-west-1:2",2region_5peers,2,5,5,wait,"3, threshold=1, delay=(0.1,1)","Wait for proposer (COMMIT, QC_PRECOMMIT)",all,156.08,16.74,147.0
HotStuff,,"us-east-1:2,eu-west-1:2,ap-northeast-1:2",3region_6peers,3,6,1,wait,"0, threshold=1, delay=(0.1,1)",Reply to proposer PREPARE with VOTE(PREPARE),proposer,0.0,0.0,0.0
HotStuff,,"us-east-1:2,eu-west-1:2,ap-northeast-1:2",3region_6peers,3,6,1,wait,"0, threshold=1, delay=(0.1,1)",Reply to proposer PREPARE with VOTE(PREPARE),ap-northeast-1,57.83,42.43,70.5
HotStuff,,"us-east-1:2,eu-west-1:2,ap-northeast-1:2",3region_6peers,3,6,1,wait,"0, threshold=1, delay=(0.1,1)",Reply to proposer PREPARE with VOTE(PREPARE),eu-west-1,45.33,41.57,34.5
HotStuff,,"us-east-1:2,eu-west-1:2,ap-northeast-1:2",3region_6peers,3,6,1,wait,"0, threshold=1, delay=(0.1,1)",Reply to proposer PREPARE with VOTE(PREPARE),us-east-1,37.67,30.2,36.0
HotStuff,,"us-east-1:2,eu-west-1:2,ap-northeast-1:2",3region_6peers,3,6,1,wait,"0, threshold=1, delay=(0.1,1)",Reply to proposer PREPARE with VOTE(PREPARE),all,46.94,39.36,36.0
HotStuff,,"us-east-1:2,eu-west-1:2,ap-northeast-1:2",3region_6peers,3,6,2,collect,"1, threshold=67%, delay=(0.1,1)","Collect VOTE(PREPARE) from 67% of the network and then broadcast (PRECOMMIT, QC_PREPARE)",proposer,181.33,26.61,197.5
HotStuff,,"us-east-1:2,eu-west-1:2,ap-northeast-1:2",3region_6peers,3,6,3,wait,"1, threshold=1, delay=(0.1,1)","Reply to proposer (PRECOMMIT, QC_PREPARE) with VOTE(PRECOMMIT)",proposer,182.33,26.61,198.5
HotStuff,,"us-east-1:2,eu-west-1:2,ap-northeast-1:2",3region_6peers,3,6,3,wait,"1, threshold=1, delay=(0.1,1)","Reply to proposer (PRECOMMIT, QC_PREPARE) with VOTE(PRECOMMIT)",ap-northeast-1,240.67,45.16,219.5
HotStuff,,"us-east-1:2,eu-west-1:2,ap-northeast-1:2",3region_6peers,3,6,3,wait,"1, threshold=1, delay=(0.1,1)","Reply to proposer (PRECOMMIT, QC_PREPARE) with VOTE(PRECOMMIT)",eu-west-1,228.0,52.3,204.0
HotStuff,,"us-east-1:2,eu-west-1:2,ap-northeast-1:2",3region_6peers,3,6,3,wait,"1, threshold=1, delay=(0.1,1)","Reply to proposer (PRECOMMIT, QC_PREPARE) with VOTE(PRECOMMIT)",us-east-1,219.42,54.12,239.5
HotStuff,,"us-east-1:2,eu-west-1:2,ap-northeast-1:2",3region_6peers,3,6,3,wait,"1, threshold=1, delay=(0.1,1)","Reply to proposer (PRECOMMIT, QC_PREPARE) with VOTE(PRECOMMIT)",all,229.36,51.42,219.5
HotStuff,,"us-east-1:2,eu-west-1:2,ap-northeast-1:2",3region_6peers,3,6,4,collect,"2, threshold=67%, delay=(0.1,1)","Collect VOTE(PRECOMMIT) from 67% of the network and then broadcast (COMMIT, QC_PRECOMMIT)",proposer,365.0,48.21,395.5
HotStuff,,"us-east-1:2,eu-west-1:2,ap-northeast-1:2",3region_6peers,3,6,5,wait,"3, threshold=1, delay=(0.1,1)","Wait for proposer (COMMIT, QC_PRECOMMIT)",proposer,366.0,48.21,396.5
HotStuff,,"us-east-1:2,eu-west-1:2,ap-northeast-1:2",3region_6peers,3,6,5,wait,"3, threshold=1, delay=(0.1,1)","Wait for proposer (COMMIT, QC_PRECOMMIT)",ap-northeast-1,424.25,57.64,398.0
HotStuff,,"us-east-1:2,eu-west-1:2,ap-northeast-1:2",3region_6peers,3,6,5,wait,"3, threshold=1, delay=(0.1,1)","Wait for proposer (COMMIT, QC_PRECOMMIT)",eu-west-1,410.58,68.45,404.5
HotStuff,,"us-east-1:2,eu-west-1:2,ap-northeast-1:2",3region_6peers,3,6,5,wait,"3, threshold=1, delay=(0.1,1)","Wait for proposer (COMMIT, QC_PRECOMMIT)",us-east-1,402.42,74.35,438.0
HotStuff,,"us-east-1:2,eu-west-1:2,ap-northeast-1:2",3region_6peers,3,6,5,wait,"3, threshold=1, delay=(0.1,1)","Wait for proposer (COMMIT, QC_PRECOMMIT)",all,412.42,67.77,404.5
HotStuff,,"us-east-1:3,eu-west-1:3,ap-northeast-1:3,sa-east-1:3,eu-central-1:3",5region_15peers,5,15,1,wait,"0, threshold=1, delay=(0.1,1)",Reply to proposer PREPARE with VOTE(PREPARE),proposer,0.0,0.0,0.0
HotStuff,,"us-east-1:3,eu-west-1:3,ap-northeast-1:3,sa-east-1:3,eu-central-1:3",5region_15peers,5,15,1,wait,"0, threshold=1, delay=(0.1,1)",Reply to proposer PREPARE with VOTE(PREPARE),ap-northeast-1,83.89,45.04,101.0
HotStuff,,"us-east-1:3,eu-west-1:3,ap-northeast-1:3,sa-east-1:3,eu-central-1:3",5region_15peers,5,15,1,wait,"0, threshold=1, delay=(0.1,1)",Reply to proposer PREPARE with VOTE(PREPARE),eu-central-1,55.56,45.24,47.0
HotStuff,,"us-east-1:3,eu-west-1:3,ap-northeast-1:3,sa-east-1:3,eu-central-1:3",5region_15peers,5,15,1,wait,"0, threshold=1, delay=(0.1,1)",Reply to proposer PREPARE with VOTE(PREPARE),eu-west-1,47.53,40.13,34.0
HotStuff,,"us-east-1:3,eu-west-1:3,ap-northeast-1:3,sa-east-1:3,eu-central-1:3",5region_15peers,5,15,1,wait,"0, threshold=1, delay=(0.1,1)",Reply to proposer PREPARE with VOTE(PREPARE),sa-east-1,75.89,44.02,88.0
HotStuff,,"us-east-1:3,eu-west-1:3,ap-northeast-1:3,sa-east-1:3,eu-central-1:3",5region_15peers,5,15,1,wait,"0, threshold=1, delay=(0.1,1)",Reply to proposer PREPARE with VOTE(PREPARE),us-east-1,42.73,23.98,45.0
HotStuff,,"us-east-1:3,eu-west-1:3,ap-northeast-1:3,sa-east-1:3,eu-central-1:3",5region_15peers,5,15,1,wait,"0, threshold=1, delay=(0.1,1)",Reply to proposer PREPARE with VOTE(PREPARE),all,61.12,43.56,59.0
HotStuff,,"us-east-1:3,eu-west-1:3,ap-northeast-1:3,sa-east-1:3,eu-central-1:3",5region_15peers,5,15,2,collect,"1, threshold=67%, delay=(0.1,1)","Collect VOTE(PREPARE) from 67% of the network and then broadcast (PRECOMMIT, QC_PREPARE)",proposer,186.6,38.79,205.0
HotStuff,,"us-east-1:3,eu-west-1:3,ap-northeast-1:3,sa-east-1:3,eu-central-1:3",5region_15peers,5,15,3,wait,"1, threshold=1, delay=(0.1,1)","Reply to proposer (PRECOMMIT, QC_PREPARE) with VOTE(PRECOMMIT)",proposer,187.6,38.79,206.0
HotStuff,,"us-east-1:3,eu-west-1:3,ap-northeast-1:3,sa-east-1:3,eu-central-1:3",5region_15peers,5,15,3,wait,"1, threshold=1, delay=(0.1,1)","Reply to proposer (PRECOMMIT, QC_PREPARE) with VOTE(PRECOMMIT)",ap-northeast-1,271.27,54.18,278.0
HotStuff,,"us-east-1:3,eu-west-1:3,ap-northeast-1:3,sa-east-1:3,eu-central-1:3",5region_15peers,5,15,3,wait,"1, threshold=1, delay=(0.1,1)","Reply to proposer (PRECOMMIT, QC_PREPARE) with VOTE(PRECOMMIT)",eu-central-1,242.33,70.39,206.0
HotStuff,,"us-east-1:3,eu-west-1:3,ap-northeast-1:3,sa-east-1:3,eu-central-1:3",5region_15peers,5,15,3,wait,"1, threshold=1, delay=(0.1,1)","Reply to proposer (PRECOMMIT, QC_PREPARE) with VOTE(PRECOMMIT)",eu-west-1,235.04,68.02,218.0
HotStuff,,"us-east-1:3,eu-west-1:3,ap-northeast-1:3,sa-east-1:3,eu-central-1:3",5region_15peers,5,15,3,wait,"1, threshold=1, delay=(0.1,1)","Reply to proposer (PRECOMMIT, QC_PREPARE) with VOTE(PRECOMMIT)",sa-east-1,262.76,66.47,268.0
HotStuff,,"us-east-1:3,eu-west-1:3,ap-northeast-1:3,sa-east-1:3,eu-central-1:3",5region_15peers,5,15,3,wait,"1, threshold=1, delay=(0.1,1)","Reply to proposer (PRECOMMIT, QC_PREPARE) with VOTE(PRECOMMIT)",us-east-1,230.33,63.28,252.0
HotStuff,,"us-east-1:3,eu-west-1:3,ap-northeast-1:3,sa-east-1:3,eu-central-1:3",5region_15peers,5,15,3,wait,"1, threshold=1, delay=(0.1,1)","Reply to proposer (PRECOMMIT, QC_PREPARE) with VOTE(PRECOMMIT)",all,248.35,66.65,252.0
HotStuff,,"us-east-1:3,eu-west-1:3,ap-northeast-1:3,sa-east-1:3,eu-central-1:3",5region_15peers,5,15,4,collect,"2, threshold=67%, delay=(0.1,1)","Collect VOTE(PRECOMMIT) from 67% of the network and then broadcast (COMMIT, QC_PRECOMMIT)",proposer,373.2,77.59,410.0
HotStuff,,"us-east-1:3,eu-west-1:3,ap-northeast-1:3,sa-east-1:3,eu-central-1:3",5region_15peers,5,15,5,wait,"3, threshold=1, delay=(0.1,1)","Wait for proposer (COMMIT, QC_PRECOMMIT)",proposer,374.2,77.59,411.0
HotStuff,,"us-east-1:3,eu-west-1:3,ap-northeast-1:3,sa-east-1:3,eu-central-1:3",5region_15peers,5,15,5,wait,"3, threshold=1, delay=(0.1,1)","Wait for proposer (COMMIT, QC_PRECOMMIT)",ap-northeast-1,457.8,82.66,462.0
HotStuff,,"us-east-1:3,eu-west-1:3,ap-northeast-1:3,sa-east-1:3,eu-central-1:3",5region_15peers,5,15,5,wait,"3, threshold=1, delay=(0.1,1)","Wait for proposer (COMMIT, QC_PRECOMMIT)",eu-central-1,429.49,102.83,412.0
HotStuff,,"us-east-1:3,eu-west-1:3,ap-northeast-1:3,sa-east-1:3,eu-central-1:3",5region_15peers,5,15,5,wait,"3, threshold=1, delay=(0.1,1)","Wait for proposer (COMMIT, QC_PRECOMMIT)",eu-west-1,422.38,102.8,425.0
HotStuff,,"us-east-1:3,eu-west-1:3,ap-northeast-1:3,sa-east-1:3,eu-central-1:3",5region_15peers,5,15,5,wait,"3, threshold=1, delay=(0.1,1)","Wait for proposer (COMMIT, QC_PRECOMMIT)",sa-east-1,449.56,99.41,447.0
HotStuff,,"us-east-1:3,eu-west-1:3,ap-northeast-1:3,sa-east-1:3,eu-central-1:3",5region_15peers,5,15,5,wait,"3, threshold=1, delay=(0.1,1)","Wait for proposer (COMMIT, QC_PRECOMMIT)",us-east-1,417.04,101.65,457.0
HotStuff,,"us-east-1:3,eu-west-1:3,ap-northeast-1:3,sa-east-1:3,eu-central-1:3",5region_15peers,5,15,5,wait,"3, threshold=1, delay=(0.1,1)","Wait for proposer (COMMIT, QC_PRECOMMIT)",all,435.25,99.43,454.0
Kudzu,without Coding,"us-west-1:3,us-east-1:3,eu-west-1:3,ap-northeast-1:3,eu-north-1:3,ap-south-1:3,sa-east-1:3,eu-central-1:3,ap-northeast-2:3,ap-southeast-2:3",10region_alto,10,30,1,wait,"0, threshold=1",Multicast notarize (32B digest + 8B view),proposer,0.0,0.0,0.0
Kudzu,without Coding,"us-west-1:3,us-east-1:3,eu-west-1:3,ap-northeast-1:3,eu-north-1:3,ap-south-1:3,sa-east-1:3,eu-central-1:3,ap-northeast-2:3,ap-southeast-2:3",10region_alto,10,30,1,wait,"0, threshold=1",Multicast notarize (32B digest + 8B view),ap-northeast-1,73.48,41.53,73.0
Kudzu,without Coding,"us-west-1:3,us-east-1:3,eu-west-1:3,ap-northeast-1:3,eu-north-1:3,ap-south-1:3,sa-east-1:3,eu-central-1:3,ap-northeast-2:3,ap-southeast-2:3",10region_alto,10,30,1,wait,"0, threshold=1",Multicast notarize (32B digest + 8B view),ap-northeast-2,81.88,44.62,81.0
Kudzu,without Coding,"us-west-1:3,us-east-1:3,eu-west-1:3,ap-northeast-1:3,eu-north-1:3,ap-south-1:3,sa-east-1:3,eu-central-1:3,ap-northeast-2:3,ap-southeast-2:3",10region_alto,10,30,1,wait,"0, threshold=1",Multicast notarize (32B digest + 8B view),ap-south-1,77.68,37.15,72.5
Kudzu,without Coding,"us-west-1:3,us-east-1:3,eu-west-1:3,ap-northeast-1:3,eu-north-1:3,ap-south-1:3,sa-east-1:3,eu-central-1:3,ap-northeast-2:3,ap-southeast-2:3",10region_alto,10,30,1,wait,"0, threshold=1",Multicast notarize (32B digest + 8B view),ap-southeast-2,91.53,43.98,87.5
Kudzu,without Coding,"us-west-1:3,us-east-1:3,eu-west-1:3,ap-northeast-1:3,eu-north-1:3,ap-south-1:3,sa-east-1:3,eu-central-1:3,ap-northeast-2:3,ap-southeast-2:3",10region_alto,10,30,1,wait,"0, threshold=1",Multicast notarize (32B digest + 8B view),eu-central-1,66.26,44.58,71.5
Kudzu,without Coding,"us-west-1:3,us-east-1:3,eu-west-1:3,ap-northeast-1:3,eu-north-1:3,ap-south-1:3,sa-east-1:3,eu-central-1:3,ap-northeast-2:3,ap-southeast-2:3",10region_alto,10,30,1,wait,"0, threshold=1",Multicast notarize (32B digest + 8B view),eu-north-1,73.99,48.04,79.5
Kudzu,without Coding,"us-west-1:3,us-east-1:3,eu-west-1:3,ap-northeast-1:3,eu-north-1:3,ap-south-1:3,sa-east-1:3,eu-central-1:3,ap-northeast-2:3,ap-southeast-2:3",10region_alto,10,30,1,wait,"0, threshold=1",Multicast notarize (32B digest + 8B view),eu-west-1,62.66,42.43,63.0
Kudzu,without Coding,"us-west-1:3,us-east-1:3,eu-west-1:3,ap-northeast-1:3,eu-north-1:3,ap-south-1:3,sa-east-1:3,eu-central-1:3,ap-northeast-2:3,ap-southeast-2:3",10region_alto,10,30,1,wait,"0, threshold=1",Multicast notarize (32B digest + 8B view),sa-east-1,102.43,45.13,106.5
Kudzu,without Coding,"us-west-1:3,us-east-1:3,eu-west-1:3,ap-northeast-1:3,eu-north-1:3,ap-south-1:3,sa-east-1:3,eu-central-1:3,ap-northeast-2:3,ap-southeast-2:3",10region_alto,10,30,1,wait,"0, threshold=1",Multicast notarize (32B digest + 8B view),us-east-1,57.99,29.2,56.0
Kudzu,without Coding,"us-west-1:3,us-east-1:3,eu-west-1:3,ap-northeast-1:3,eu-north-1:3,ap-south-1:3,sa-east-1:3,eu-central-1:3,ap-northeast-2:3,ap-southeast-2:3",10region_alto,10,30,1,wait,"0, threshold=1",Multicast notarize (32B digest + 8B view),us-west-1,64.76,29.97,67.0
Kudzu,without Coding,"us-west-1:3,us-east-1:3,eu-west-1:3,ap-northeast-1:3,eu-north-1:3,ap-south-1:3,sa-east-1:3,eu-central-1:3,ap-northeast-2:3,ap-southeast-2:3",10region_alto,10,30,1,wait,"0, threshold=1",Multicast notarize (32B digest + 8B view),all,75.26,43.15,74.0
Kudzu,without Coding,"us-west-1:3,us-east-1:3,eu-west-1:3,ap-northeast-1:3,eu-north-1:3,ap-south-1:3,sa-east-1:3,eu-central-1:3,ap-northeast-2:3,ap-southeast-2:3",10region_alto,10,30,2,wait,"1, threshold=61%",Wait for 3f+1 to notarize to multicast finalize (32B digest + 8B view),proposer,196.93,37.43,200.5
Kudzu,without Coding,"us-west-1:3,us-east-1:3,eu-west-1:3,ap-northeast-1:3,eu-north-1:3,ap-south-1:3,sa-east-1:3,eu-central-1:3,ap-northeast-2:3,ap-southeast-2:3",10region_alto,10,30,2,wait,"1, threshold=61%",Wait for 3f+1 to notarize to multicast finalize (32B digest + 8B view),ap-northeast-1,173.78,32.34,172.5
Kudzu,without Coding,"us-west-1:3,us-east-1:3,eu-west-1:3,ap-northeast-1:3,eu-north-1:3,ap-south-1:3,sa-east-1:3,eu-central-1:3,ap-northeast-2:3,ap-southeast-2:3",10region_alto,10,30,2,wait,"1, threshold=61%",Wait for 3f+1 to notarize to multicast finalize (32B digest + 8B view),ap-northeast-2,180.16,33.06,182.5
Kudzu,without Coding,"us-west-1:3,us-east-1:3,eu-west-1:3,ap-northeast-1:3,eu-north-1:3,ap-south-1:3,sa-east-1:3,eu-central-1:3,ap-northeast-2:3,ap-southeast-2:3",10region_alto,10,30,2,wait,"1, threshold=61%",Wait for 3f+1 to notarize to multicast finalize (32B digest + 8B view),ap-south-1,172.72,18.73,178.5
Kudzu,without Coding,"us-west-1:3,us-east-1:3,eu-west-1:3,ap-northeast-1:3,eu-north-1:3,ap-south-1:3,sa-east-1:3,eu-central-1:3,ap-northeast-2:3,ap-southeast-2:3",10region_alto,10,30,2,wait,"1, threshold=61%",Wait for 3f+1 to notarize to multicast finalize (32B digest + 8B view),ap-southeast-2,191.41,34.59,191.5
Kudzu,without Coding,"us-west-1:3,us-east-1:3,eu-west-1:3,ap-northeast-1:3,eu-north-1:3,ap-south-1:3,sa-east-1:3,eu-central-1:3,ap-northeast-2:3,ap-southeast-2:3",10region_alto,10,30,2,wait,"1, threshold=61%",Wait for 3f+1 to notarize to multicast finalize (32B digest + 8B view),eu-central-1,175.06,27.89,179.5
Kudzu,without Coding,"us-west-1:3,us-east-1:3,eu-west-1:3,ap-northeast-1:3,eu-north-1:3,ap-south-1:3,sa-east-1:3,eu-central-1:3,ap-northeast-2:3,ap-southeast-2:3",10region_alto,10,30,2,wait,"1, threshold=61%",Wait for 3f+1 to notarize to multicast finalize (32B digest + 8B view),eu-north-1,183.09,28.87,182.0
Kudzu,without Coding,"us-west-1:3,us-east-1:3,eu-west-1:3,ap-northeast-1:3,eu-north-1:3,ap-south-1:3,sa-east-1:3,eu-central-1:3,ap-northeast-2:3,ap-southeast-2:3",10region_alto,10,30,2,wait,"1, threshold=61%",Wait for 3f+1 to notarize to multicast finalize (32B digest + 8B view),eu-west-1,168.54,25.08,175.0
Kudzu,without Coding,"us-west-1:3,us-east-1:3,eu-west-1:3,ap-northeast-1:3,eu-north-1:3,ap-south-1:3,sa-east-1:3,eu-central-1:3,ap-northeast-2:3,ap-southeast-2:3",10region_alto,10,30,2,wait,"1, threshold=61%",Wait for 3f+1 to notarize to multicast finalize (32B digest + 8B view),sa-east-1,211.17,17.5,208.5
Kudzu,without Coding,"us-west-1:3,us-east-1:3,eu-west-1:3,ap-northeast-1:3,eu-north-1:3,ap-south-1:3,sa-east-1:3,eu-central-1:3,ap-northeast-2:3,ap-southeast-2:3",10region_alto,10,30,2,wait,"1, threshold=61%",Wait for 3f+1 to notarize to multicast finalize (32B digest + 8B view),us-east-1,159.86,16.35,158.0
Kudzu,without Coding,"us-west-1:3,us-east-1:3,eu-west-1:3,ap-northeast-1:3,eu-north-1:3,ap-south-1:3,sa-east-1:3,eu-central-1:3,ap-northeast-2:3,ap-southeast-2:3",10region_alto,10,30,2,wait,"1, threshold=61%",Wait for 3f+1 to notarize to multicast finalize (32B digest + 8B view),us-west-1,170.94,19.26,177.0
Kudzu,without Coding,"us-west-1:3,us-east-1:3,eu-west-1:3,ap-northeast-1:3,eu-north-1:3,ap-south-1:3,sa-east-1:3,eu-central-1:3,ap-northeast-2:3,ap-southeast-2:3",10region_alto,10,30,2,wait,"1, threshold=61%",Wait for 3f+1 to notarize to multicast finalize (32B digest + 8B view),all,178.67,29.5,179.0
Kudzu,without Coding,"us-west-1:3,us-east-1:3,eu-west-1:3,ap-northeast-1:3,eu-north-1:3,ap-south-1:3,sa-east-1:3,eu-central-1:3,ap-northeast-2:3,ap-southeast-2:3",10region_alto,10,30,,broadcast,"2, size=40",,proposer,233.53,34.19,237.0
Kudzu,without Coding,"us-west-1:3,us-east-1:3,eu-west-1:3,ap-northeast-1:3,eu-north-1:3,ap-south-1:3,sa-east-1:3,eu-central-1:3,ap-northeast-2:3,ap-southeast-2:3",10region_alto,10,30,,broadcast,"2, size=40",,ap-northeast-1,206.07,28.91,200.0
Kudzu,without Coding,"us-west-1:3,us-east-1:3,eu-west-1:3,ap-northeast-1:3,eu-north-1:3,ap-south-1:3,sa-east-1:3,eu-central-1:3,ap-northeast-2:3,ap-southeast-2:3",10region_alto,10,30,,broadcast,"2, size=40",,ap-northeast-2,214.23,24.28,206.5
Kudzu,without Coding,"us-west-1:3,us-east-1:3,eu-west-1:3,ap-northeast-1:3,eu-north-1:3,ap-south-1:3,sa-east-1:3,eu-central-1:3,ap-northeast-2:3,ap-southeast-2:3",10region_alto,10,30,,broadcast,"2, size=40",,ap-south-1,197.48,19.47,202.0
Kudzu,without Coding,"us-west-1:3,us-east-1:3,eu-west-1:3,ap-northeast-1:3,eu-north-1:3,ap-south-1:3,sa-east-1:3,eu-central-1:3,ap-northeast-2:3,ap-southeast-2:3",10region_alto,10,30,,broadcast,"2, size=40",,ap-southeast-2,217.51,30.35,211.0
Kudzu,without Coding,"us-west-1:3,us-east-1:3,eu-west-1:3,ap-northeast-1:3,eu-north-1:3,ap-south-1:3,sa-east-1:3,eu-central-1:3,ap-northeast-2:3,ap-southeast-2:3",10region_alto,10,30,,broadcast,"2, size=40",,eu-central-1,207.68,24.42,200.0
Kudzu,without Coding,"us-west-1:3,us-east-1:3,eu-west-1:3,ap-northeast-1:3,eu-north-1:3,ap-south-1:3,sa-east-1:3,eu-central-1:3,ap-northeast-2:3,ap-southeast-2:3",10region_alto,10,30,,broadcast,"2, size=40",,eu-north-1,218.09,25.25,210.0
Kudzu,without Coding,"us-west-1:3,us-east-1:3,eu-west-1:3,ap-northeast-1:3,eu-north-1:3,ap-south-1:3,sa-east-1:3,eu-central-1:3,ap-northeast-2:3,ap-southeast-2:3",10region_alto,10,30,,broadcast,"2, size=40",,eu-west-1,208.61,24.91,203.0
Kudzu,without Coding,"us-west-1:3,us-east-1:3,eu-west-1:3,ap-northeast-1:3,eu-north-1:3,ap-south-1:3,sa-east-1:3,eu-central-1:3,ap-northeast-2:3,ap-southeast-2:3",10region_alto,10,30,,broadcast,"2, size=40",,sa-east-1,240.94,25.37,232.5
Kudzu,without Coding,"us-west-1:3,us-east-1:3,eu-west-1:3,ap-northeast-1:3,eu-north-1:3,ap-south-1:3,sa-east-1:3,eu-central-1:3,ap-northeast-2:3,ap-southeast-2:3",10region_alto,10,30,,broadcast,"2, size=40",,us-east-1,191.57,21.23,186.0
Kudzu,without Coding,"us-west-1:3,us-east-1:3,eu-west-1:3,ap-northeast-1:3,eu-north-1:3,ap-south-1:3,sa-east-1:3,eu-central-1:3,ap-northeast-2:3,ap-southeast-2:3",10region_alto,10,30,,broadcast,"2, size=40",,us-west-1,190.47,21.43,191.0
Kudzu,without Coding,"us-west-1:3,us-east-1:3,eu-west-1:3,ap-northeast-1:3,eu-north-1:3,ap-south-1:3,sa-east-1:3,eu-central-1:3,ap-northeast-2:3,ap-southeast-2:3",10region_alto,10,30,,broadcast,"2, size=40",,all,209.26,28.51,205.0
Kudzu,without Coding,us-east-1:5,1region_5peers,1,5,1,wait,"0, threshold=1",Multicast notarize (32B digest + 8B view),proposer,0.0,0.0,0.0
Kudzu,without Coding,us-east-1:5,1region_5peers,1,5,1,wait,"0, threshold=1",Multicast notarize (32B digest + 8B view),us-east-1,2.12,1.82,2.0
Kudzu,without Coding,us-east-1:5,1region_5peers,1,5,1,wait,"0, threshold=1",Multicast notarize (32B digest + 8B view),all,2.12,1.82,2.0
Kudzu,without Coding,us-east-1:5,1region_5peers,1,5,2,wait,"1, threshold=61%",Wait for 3f+1 to notarize to multicast finalize (32B digest + 8B view),proposer,5.4,1.36,6.0
Kudzu,without Coding,us-east-1:5,1region_5peers,1,5,2,wait,"1, threshold=61%",Wait for 3f+1 to notarize to multicast finalize (32B digest + 8B view),us-east-1,5.48,1.7,5.0
Kudzu,without Coding,us-east-1:5,1region_5peers,1,5,2,wait,"1, threshold=61%",Wait for 3f+1 to notarize to multicast finalize (32B digest + 8B view),all,5.48,1.7,5.0
Kudzu,without Coding,us-east-1:5,1region_5peers,1,5,,broadcast,"2, size=40",,proposer,7.4,1.85,7.0
Kudzu,without Coding,us-east-1:5,1region_5peers,1,5,,broadcast,"2, size=40",,us-east-1,7.24,1.77,7.0
Kudzu,without Coding,us-east-1:5,1region_5peers,1,5,,broadcast,"2, size=40",,all,7.24,1.77,7.0
Kudzu,without Coding,"us-east-1:3,eu-west-1:2",2region_5peers,2,5,1,wait,"0, threshold=1",Multicast notarize (32B digest + 8B view),proposer,0.0,0.0,0.0
Kudzu,without Coding,"us-east-1:3,eu-west-1:2",2region_5peers,2,5,1,wait,"0, threshold=1",Multicast notarize (32B digest + 8B view),eu-west-1,21.2,16.97,33.0
Kudzu,without Coding,"us-east-1:3,eu-west-1:2",2region_5peers,2,5,1,wait,"0, threshold=1",Multicast notarize (32B digest + 8B view),us-east-1,15.07,15.71,4.0
Kudzu,without Coding,"us-east-1:3,eu-west-1:2",2region_5peers,2,5,1,wait,"0, threshold=1",Multicast notarize (32B digest + 8B view),all,17.52,16.5,5.0
Kudzu,without Coding,"us-east-1:3,eu-west-1:2",2region_5peers,2,5,2,wait,"1, threshold=61%",Wait for 3f+1 to notarize to multicast finalize (32B digest + 8B view),proposer,67.0,2.19,67.0
Kudzu,without Coding,"us-east-1:3,eu-west-1:2",2region_5peers,2,5,2,wait,"1, threshold=61%",Wait for 3f+1 to notarize to multicast finalize (32B digest + 8B view),eu-west-1,49.8,14.38,39.0
Kudzu,without Coding,"us-east-1:3,eu-west-1:2",2region_5peers,2,5,2,wait,"1, threshold=61%",Wait for 3f+1 to notarize to multicast finalize (32B digest + 8B view),us-east-1,55.0,15.05,65.0
Kudzu,without Coding,"us-east-1:3,eu-west-1:2",2region_5peers,2,5,2,wait,"1, threshold=61%",Wait for 3f+1 to notarize to multicast finalize (32B digest + 8B view),all,52.92,15.0,64.0
Kudzu,without Coding,"us-east-1:3,eu-west-1:2",2region_5peers,2,5,,broadcast,"2, size=40",,proposer,70.6,1.02,71.0
Kudzu,without Coding,"us-east-1:3,eu-west-1:2",2region_5peers,2,5,,broadcast,"2, size=40",,eu-west-1,52.3,15.14,42.0
Kudzu,without Coding,"us-east-1:3,eu-west-1:2",2region_5peers,2,5,,broadcast,"2, size=40",,us-east-1,57.87,16.29,70.0
Kudzu,without Coding,"us-east-1:3,eu-west-1:2",2region_5peers,2,5,,broadcast,"2, size=40",,all,55.64,16.07,69.0
Kudzu,without Coding,"us-east-1:2,eu-west-1:2,ap-northeast-1:2",3region_6peers,3,6,1,wait,"0, threshold=1",Multicast notarize (32B digest + 8B view),proposer,0.0,0.0,0.0
Kudzu,without Coding,"us-east-1:2,eu-west-1:2,ap-northeast-1:2",3region_6peers,3,6,1,wait,"0, threshold=1",Multicast notarize (32B digest + 8B view),ap-northeast-1,57.83,42.43,70.5
Kudzu,without Coding,"us-east-1:2,eu-west-1:2,ap-northeast-1:2",3region_6peers,3,6,1,wait,"0, threshold=1",Multicast notarize (32B digest + 8B view),eu-west-1,45.33,41.57,34.5
Kudzu,without Coding,"us-east-1:2,eu-west-1:2,ap-northeast-1:2",3region_6peers,3,6,1,wait,"0, threshold=1",Multicast notarize (32B digest + 8B view),us-east-1,37.67,30.2,36.0
Kudzu,without Coding,"us-east-1:2,eu-west-1:2,ap-northeast-1:2",3region_6peers,3,6,1,wait,"0, threshold=1",Multicast notarize (32B digest + 8B view),all,46.94,39.36,36.0
Kudzu,without Coding,"us-east-1:2,eu-west-1:2,ap-northeast-1:2",3region_6peers,3,6,2,wait,"1, threshold=61%",Wait for 3f+1 to notarize to multicast finalize (32B digest + 8B view),proposer,98.33,38.03,72.5
Kudzu,without Coding,"us-east-1:2,eu-west-1:2,ap-northeast-1:2",3region_6peers,3,6,2,wait,"1, threshold=61%",Wait for 3f+1 to notarize to multicast finalize (32B digest + 8B view),ap-northeast-1,112.92,30.49,105.0
Kudzu,without Coding,"us-east-1:2,eu-west-1:2,ap-northeast-1:2",3region_6peers,3,6,2,wait,"1, threshold=61%",Wait for 3f+1 to notarize to multicast finalize (32B digest + 8B view),eu-west-1,71.58,27.02,72.0
Kudzu,without Coding,"us-east-1:2,eu-west-1:2,ap-northeast-1:2",3region_6peers,3,6,2,wait,"1, threshold=61%",Wait for 3f+1 to notarize to multicast finalize (32B digest + 8B view),us-east-1,63.08,18.2,70.5
Kudzu,without Coding,"us-east-1:2,eu-west-1:2,ap-northeast-1:2",3region_6peers,3,6,2,wait,"1, threshold=61%",Wait for 3f+1 to notarize to multicast finalize (32B digest + 8B view),all,82.53,33.73,78.0
Kudzu,without Coding,"us-east-1:2,eu-west-1:2,ap-northeast-1:2",3region_6peers,3,6,,broadcast,"2, size=40",,proposer,101.83,40.47,74.5
Kudzu,without Coding,"us-east-1:2,eu-west-1:2,ap-northeast-1:2",3region_6peers,3,6,,broadcast,"2, size=40",,ap-northeast-1,133.75,20.71,134.0
Kudzu,without Coding,"us-east-1:2,eu-west-1:2,ap-northeast-1:2",3region_6peers,3,6,,broadcast,"2, size=40",,eu-west-1,96.75,15.32,106.0
Kudzu,without Coding,"us-east-1:2,eu-west-1:2,ap-northeast-1:2",3region_6peers,3,6,,broadcast,"2, size=40",,us-east-1,104.83,24.1,107.5
Kudzu,without Coding,"us-east-1:2,eu-west-1:2,ap-northeast-1:2",3region_6peers,3,6,,broadcast,"2, size=40",,all,111.78,25.83,108.0
Kudzu,without Coding,"us-east-1:3,eu-west-1:3,ap-northeast-1:3,sa-east-1:3,eu-central-1:3",5region_15peers,5,15,1,wait,"0, threshold=1",Multicast notarize (32B digest + 8B view),proposer,0.0,0.0,0.0
Kudzu,without Coding,"us-east-1:3,eu-west-1:3,ap-northeast-1:3,sa-east-1:3,eu-central-1:3",5region_15peers,5,15,1,wait,"0, threshold=1",Multicast notarize (32B digest + 8B view),ap-northeast-1,83.89,45.04,101.0
Kudzu,without Coding,"us-east-1:3,eu-west-1:3,ap-northeast-1:3,sa-east-1:3,eu-central-1:3",5region_15peers,5,15,1,wait,"0, threshold=1",Multicast notarize (32B digest + 8B view),eu-central-1,55.56,45.24,47.0
Kudzu,without Coding,"us-east-1:3,eu-west-1:3,ap-northeast-1:3,sa-east-1:3,eu-central-1:3",5region_15peers,5,15,1,wait,"0, threshold=1",Multicast notarize (32B digest + 8B view),eu-west-1,47.53,40.13,34.0
Kudzu,without Coding,"us-east-1:3,eu-west-1:3,ap-northeast-1:3,sa-east-1:3,eu-central-1:3",5region_15peers,5,15,1,wait,"0, threshold=1",Multicast notarize (32B digest + 8B view),sa-east-1,75.89,44.02,88.0
Kudzu,without Coding,"us-east-1:3,eu-west-1:3,ap-northeast-1:3,sa-east-1:3,eu-central-1:3",5region_15peers,5,15,1,wait,"0, threshold=1",Multicast notarize (32B digest + 8B view),us-east-1,42.73,23.98,45.0
Kudzu,without Coding,"us-east-1:3,eu-west-1:3,ap-northeast-1:3,sa-east-1:3,eu-central-1:3",5region_15peers,5,15,1,wait,"0, threshold=1",Multicast notarize (32B digest + 8B view),all,61.12,43.56,59.0
Kudzu,without Coding,"us-east-1:3,eu-west-1:3,ap-northeast-1:3,sa-east-1:3,eu-central-1:3",5region_15peers,5,15,2,wait,"1, threshold=61%",Wait for 3f+1 to notarize to multicast finalize (32B digest + 8B view),proposer,183.27,38.65,202.0
Kudzu,without Coding,"us-east-1:3,eu-west-1:3,ap-northeast-1:3,sa-east-1:3,eu-central-1:3",5region_15peers,5,15,2,wait,"1, threshold=61%",Wait for 3f+1 to notarize to multicast finalize (32B digest + 8B view),ap-northeast-1,161.78,39.56,157.0
Kudzu,without Coding,"us-east-1:3,eu-west-1:3,ap-northeast-1:3,sa-east-1:3,eu-central-1:3",5region_15peers,5,15,2,wait,"1, threshold=61%",Wait for 3f+1 to notarize to multicast finalize (32B digest + 8B view),eu-central-1,154.07,38.23,158.0
Kudzu,without Coding,"us-east-1:3,eu-west-1:3,ap-northeast-1:3,sa-east-1:3,eu-central-1:3",5region_15peers,5,15,2,wait,"1, threshold=61%",Wait for 3f+1 to notarize to multicast finalize (32B digest + 8B view),eu-west-1,149.31,29.06,144.0
Kudzu,without Coding,"us-east-1:3,eu-west-1:3,ap-northeast-1:3,sa-east-1:3,eu-central-1:3",5region_15peers,5,15,2,wait,"1, threshold=61%",Wait for 3f+1 to notarize to multicast finalize (32B digest + 8B view),sa-east-1,150.4,38.68,146.0
Kudzu,without Coding,"us-east-1:3,eu-west-1:3,ap-northeast-1:3,sa-east-1:3,eu-central-1:3",5region_15peers,5,15,2,wait,"1, threshold=61%",Wait for 3f+1 to notarize to multicast finalize (32B digest + 8B view),us-east-1,143.47,16.31,147.0
Kudzu,without Coding,"us-east-1:3,eu-west-1:3,ap-northeast-1:3,sa-east-1:3,eu-central-1:3",5region_15peers,5,15,2,wait,"1, threshold=61%",Wait for 3f+1 to notarize to multicast finalize (32B digest + 8B view),all,151.8,34.1,147.0
Kudzu,without Coding,"us-east-1:3,eu-west-1:3,ap-northeast-1:3,sa-east-1:3,eu-central-1:3",5region_15peers,5,15,,broadcast,"2, size=40",,proposer,196.87,28.09,206.0
Kudzu,without Coding,"us-east-1:3,eu-west-1:3,ap-northeast-1:3,sa-east-1:3,eu-central-1:3",5region_15peers,5,15,,broadcast,"2, size=40",,ap-northeast-1,214.2,16.38,216.0
Kudzu,without Coding,"us-east-1:3,eu-west-1:3,ap-northeast-1:3,sa-east-1:3,eu-central-1:3",5region_15peers,5,15,,broadcast,"2, size=40",,eu-central-1,215.02,18.74,210.0
Kudzu,without Coding,"us-east-1:3,eu-west-1:3,ap-northeast-1:3,sa-east-1:3,eu-central-1:3",5region_15peers,5,15,,broadcast,"2, size=40",,eu-west-1,204.93,18.14,212.0
Kudzu,without Coding,"us-east-1:3,eu-west-1:3,ap-northeast-1:3,sa-east-1:3,eu-central-1:3",5region_15peers,5,15,,broadcast,"2, size=40",,sa-east-1,216.98,13.94,212.0
Kudzu,without Coding,"us-east-1:3,eu-west-1:3,ap-northeast-1:3,sa-east-1:3,eu-central-1:3",5region_15peers,5,15,,broadcast,"2, size=40",,us-east-1,177.44,18.36,183.0
Kudzu,without Coding,"us-east-1:3,eu-west-1:3,ap-northeast-1:3,sa-east-1:3,eu-central-1:3",5region_15peers,5,15,,broadcast,"2, size=40",,all,205.72,22.65,209.0
Minimmit,,"us-west-1:3,us-east-1:3,eu-west-1:3,ap-northeast-1:3,eu-north-1:3,ap-south-1:3,sa-east-1:3,eu-central-1:3,ap-northeast-2:3,ap-southeast-2:3",10region_alto,10,30,1,wait,"0, threshold=1",Multicast notarize,proposer,0.0,0.0,0.0
Minimmit,,"us-west-1:3,us-east-1:3,eu-west-1:3,ap-northeast-1:3,eu-north-1:3,ap-south-1:3,sa-east-1:3,eu-central-1:3,ap-northeast-2:3,ap-southeast-2:3",10region_alto,10,30,1,wait,"0, threshold=1",Multicast notarize,ap-northeast-1,73.48,41.53,73.0
Minimmit,,"us-west-1:3,us-east-1:3,eu-west-1:3,ap-northeast-1:3,eu-north-1:3,ap-south-1:3,sa-east-1:3,eu-central-1:3,ap-northeast-2:3,ap-southeast-2:3",10region_alto,10,30,1,wait,"0, threshold=1",Multicast notarize,ap-northeast-2,81.88,44.62,81.0
Minimmit,,"us-west-1:3,us-east-1:3,eu-west-1:3,ap-northeast-1:3,eu-north-1:3,ap-south-1:3,sa-east-1:3,eu-central-1:3,ap-northeast-2:3,ap-southeast-2:3",10region_alto,10,30,1,wait,"0, threshold=1",Multicast notarize,ap-south-1,77.68,37.15,72.5
Minimmit,,"us-west-1:3,us-east-1:3,eu-west-1:3,ap-northeast-1:3,eu-north-1:3,ap-south-1:3,sa-east-1:3,eu-central-1:3,ap-northeast-2:3,ap-southeast-2:3",10region_alto,10,30,1,wait,"0, threshold=1",Multicast notarize,ap-southeast-2,91.53,43.98,87.5
Minimmit,,"us-west-1:3,us-east-1:3,eu-west-1:3,ap-northeast-1:3,eu-north-1:3,ap-south-1:3,sa-east-1:3,eu-central-1:3,ap-northeast-2:3,ap-southeast-2:3",10region_alto,10,30,1,wait,"0, threshold=1",Multicast notarize,eu-central-1,66.26,44.58,71.5
Minimmit,,"us-west-1:3,us-east-1:3,eu-west-1:3,ap-northeast-1:3,eu-north-1:3,ap-south-1:3,sa-east-1:3,eu-central-1:3,ap-northeast-2:3,ap-southeast-2:3",10region_alto,10,30,1,wait,"0, threshold=1",Multicast notarize,eu-north-1,73.99,48.04,79.5
Minimmit,,"us-west-1:3,us-east-1:3,eu-west-1:3,ap-northeast-1:3,eu-north-1:3,ap-south-1:3,sa-east-1:3,eu-central-1:3,ap-northeast-2:3,ap-southeast-2:3",10region_alto,10,30,1,wait,"0, threshold=1",Multicast notarize,eu-west-1,62.66,42.43,63.0
Minimmit,,"us-west-1:3,us-east-1:3,eu-west-1:3,ap-northeast-1:3,eu-north-1:3,ap-south-1:3,sa-east-1:3,eu-central-1:3,ap-northeast-2:3,ap-southeast-2:3",10region_alto,10,30,1,wait,"0, threshold=1",Multicast notarize,sa-east-1,102.43,45.13,106.5
Minimmit,,"us-west-1:3,us-east-1:3,eu-west-1:3,ap-northeast-1:3,eu-north-1:3,ap-south-1:3,sa-east-1:3,eu-central-1:3,ap-northeast-2:3,ap-southeast-2:3",10region_alto,10,30,1,wait,"0, threshold=1",Multicast notarize,us-east-1,57.99,29.2,56.0
Minimmit,,"us-west-1:3,us-east-1:3,eu-west-1:3,ap-northeast-1:3,eu-north-1:3,ap-south-1:3,sa-east-1:3,eu-central-1:3,ap-northeast-2:3,ap-southeast-2:3",10region_alto,10,30,1,wait,"0, threshold=1",Multicast notarize,us-west-1,64.76,29.97,67.0
Minimmit,,"us-west-1:3,us-east-1:3,eu-west-1:3,ap-northeast-1:3,eu-north-1:3,ap-south-1:3,sa-east-1:3,eu-central-1:3,ap-northeast-2:3,ap-southeast-2:3",10region_alto,10,30,1,wait,"0, threshold=1",Multicast notarize,all,75.26,43.15,74.0
Minimmit,,"us-west-1:3,us-east-1:3,eu-west-1:3,ap-northeast-1:3,eu-north-1:3,ap-south-1:3,sa-east-1:3,eu-central-1:3,ap-northeast-2:3,ap-southeast-2:3",10region_alto,10,30,2,wait,"1, threshold=41%",Wait for 2f+1 to notarize,proposer,139.7,24.48,134.0
Minimmit,,"us-west-1:3,us-east-1:3,eu-west-1:3,ap-northeast-1:3,eu-north-1:3,ap-south-1:3,sa-east-1:3,eu-central-1:3,ap-northeast-2:3,ap-southeast-2:3",10region_alto,10,30,2,wait,"1, threshold=41%",Wait for 2f+1 to notarize,ap-northeast-1,133.19,13.94,129.0
Minimmit,,"us-west-1:3,us-east-1:3,eu-west-1:3,ap-northeast-1:3,eu-north-1:3,ap-south-1:3,sa-east-1:3,eu-central-1:3,ap-northeast-2:3,ap-southeast-2:3",10region_alto,10,30,2,wait,"1, threshold=41%",Wait for 2f+1 to notarize,ap-northeast-2,141.36,12.15,140.0
Minimmit,,"us-west-1:3,us-east-1:3,eu-west-1:3,ap-northeast-1:3,eu-north-1:3,ap-south-1:3,sa-east-1:3,eu-central-1:3,ap-northeast-2:3,ap-southeast-2:3",10region_alto,10,30,2,wait,"1, threshold=41%",Wait for 2f+1 to notarize,ap-south-1,147.41,18.32,143.5
Minimmit,,"us-west-1:3,us-east-1:3,eu-west-1:3,ap-northeast-1:3,eu-north-1:3,ap-south-1:3,sa-east-1:3,eu-central-1:3,ap-northeast-2:3,ap-southeast-2:3",10region_alto,10,30,2,wait,"1, threshold=41%",Wait for 2f+1 to notarize,ap-southeast-2,151.59,15.67,147.0
Minimmit,,"us-west-1:3,us-east-1:3,eu-west-1:3,ap-northeast-1:3,eu-north-1:3,ap-south-1:3,sa-east-1:3,eu-central-1:3,ap-northeast-2:3,ap-southeast-2:3",10region_alto,10,30,2,wait,"1, threshold=41%",Wait for 2f+1 to notarize,eu-central-1,123.14,14.14,125.0
Minimmit,,"us-west-1:3,us-east-1:3,eu-west-1:3,ap-northeast-1:3,eu-north-1:3,ap-south-1:3,sa-east-1:3,eu-central-1:3,ap-northeast-2:3,ap-southeast-2:3",10region_alto,10,30,2,wait,"1, threshold=41%",Wait for 2f+1 to notarize,eu-north-1,128.7,17.58,133.0
Minimmit,,"us-west-1:3,us-east-1:3,eu-west-1:3,ap-northeast-1:3,eu-north-1:3,ap-south-1:3,sa-east-1:3,eu-central-1:3,ap-northeast-2:3,ap-southeast-2:3",10region_alto,10,30,2,wait,"1, threshold=41%",Wait for 2f+1 to notarize,eu-west-1,120.11,13.15,123.0
Minimmit,,"us-west-1:3,us-east-1:3,eu-west-1:3,ap-northeast-1:3,eu-north-1:3,ap-south-1:3,sa-east-1:3,eu-central-1:3,ap-northeast-2:3,ap-southeast-2:3",10region_alto,10,30,2,wait,"1, threshold=41%",Wait for 2f+1 to notarize,sa-east-1,152.77,26.72,152.5
Minimmit,,"us-west-1:3,us-east-1:3,eu-west-1:3,ap-northeast-1:3,eu-north-1:3,ap-south-1:3,sa-east-1:3,eu-central-1:3,ap-northeast-2:3,ap-southeast-2:3",10region_alto,10,30,2,wait,"1, threshold=41%",Wait for 2f+1 to notarize,us-east-1,124.76,20.6,127.0
Minimmit,,"us-west-1:3,us-east-1:3,eu-west-1:3,ap-northeast-1:3,eu-north-1:3,ap-south-1:3,sa-east-1:3,eu-central-1:3,ap-northeast-2:3,ap-southeast-2:3",10region_alto,10,30,2,wait,"1, threshold=41%",Wait for 2f+1 to notarize,us-west-1,124.2,24.53,128.0
Minimmit,,"us-west-1:3,us-east-1:3,eu-west-1:3,ap-northeast-1:3,eu-north-1:3,ap-south-1:3,sa-east-1:3,eu-central-1:3,ap-northeast-2:3,ap-southeast-2:3",10region_alto,10,30,2,wait,"1, threshold=41%",Wait for 2f+1 to notarize,all,134.72,21.81,133.0
Minimmit,,"us-west-1:3,us-east-1:3,eu-west-1:3,ap-northeast-1:3,eu-north-1:3,ap-south-1:3,sa-east-1:3,eu-central-1:3,ap-northeast-2:3,ap-southeast-2:3",10region_alto,10,30,3,wait,"1, threshold=81%",Wait for n-f to finalize,proposer,233.8,34.27,237.0
Minimmit,,"us-west-1:3,us-east-1:3,eu-west-1:3,ap-northeast-1:3,eu-north-1:3,ap-south-1:3,sa-east-1:3,eu-central-1:3,ap-northeast-2:3,ap-southeast-2:3",10region_alto,10,30,3,wait,"1, threshold=81%",Wait for n-f to finalize,ap-northeast-1,206.17,29.04,200.0
Minimmit,,"us-west-1:3,us-east-1:3,eu-west-1:3,ap-northeast-1:3,eu-north-1:3,ap-south-1:3,sa-east-1:3,eu-central-1:3,ap-northeast-2:3,ap-southeast-2:3",10region_alto,10,30,3,wait,"1, threshold=81%",Wait for n-f to finalize,ap-northeast-2,214.24,24.3,206.5
Minimmit,,"us-west-1:3,us-east-1:3,eu-west-1:3,ap-northeast-1:3,eu-north-1:3,ap-south-1:3,sa-east-1:3,eu-central-1:3,ap-northeast-2:3,ap-southeast-2:3",10region_alto,10,30,3,wait,"1, threshold=81%",Wait for n-f to finalize,ap-south-1,197.5,19.48,202.0
Minimmit,,"us-west-1:3,us-east-1:3,eu-west-1:3,ap-northeast-1:3,eu-north-1:3,ap-south-1:3,sa-east-1:3,eu-central-1:3,ap-northeast-2:3,ap-southeast-2:3",10region_alto,10,30,3,wait,"1, threshold=81%",Wait for n-f to finalize,ap-southeast-2,217.51,30.35,211.0
Minimmit,,"us-west-1:3,us-east-1:3,eu-west-1:3,ap-northeast-1:3,eu-north-1:3,ap-south-1:3,sa-east-1:3,eu-central-1:3,ap-northeast-2:3,ap-southeast-2:3",10region_alto,10,30,3,wait,"1, threshold=81%",Wait for n-f to finalize,eu-central-1,207.68,24.42,200.0
Minimmit,,"us-west-1:3,us-east-1:3,eu-west-1:3,ap-northeast-1:3,eu-north-1:3,ap-south-1:3,sa-east-1:3,eu-central-1:3,ap-northeast-2:3,ap-southeast-2:3",10region_alto,10,30,3,wait,"1, threshold=81%",Wait for n-f to finalize,eu-north-1,218.09,25.25,210.0
Minimmit,,"us-west-1:3,us-east-1:3,eu-west-1:3,ap-northeast-1:3,eu-north-1:3,ap-south-1:3,sa-east-1:3,eu-central-1:3,ap-northeast-2:3,ap-southeast-2:3",10region_alto,10,30,3,wait,"1, threshold=81%",Wait for n-f to finalize,eu-west-1,208.61,24.91,203.0
Minimmit,,"us-west-1:3,us-east-1:3,eu-west-1:3,ap-northeast-1:3,eu-north-1:3,ap-south-1:3,sa-east-1:3,eu-central-1:3,ap-northeast-2:3,ap-southeast-2:3",10region_alto,10,30,3,wait,"1, threshold=81%",Wait for n-f to finalize,sa-east-1,240.94,25.37,232.5
Minimmit,,"us-west-1:3,us-east-1:3,eu-west-1:3,ap-northeast-1:3,eu-north-1:3,ap-south-1:3,sa-east-1:3,eu-central-1:3,ap-northeast-2:3,ap-southeast-2:3",10region_alto,10,30,3,wait,"1, threshold=81%",Wait for n-f to finalize,us-east-1,191.57,21.23,186.0
Minimmit,,"us-west-1:3,us-east-1:3,eu-west-1:3,ap-northeast-1:3,eu-north-1:3,ap-south-1:3,sa-east-1:3,eu-central-1:3,ap-northeast-2:3,ap-southeast-2:3",10region_alto,10,30,3,wait,"1, threshold=81%",Wait for n-f to finalize,us-west-1,190.47,21.43,191.0
Minimmit,,"us-west-1:3,us-east-1:3,eu-west-1:3,ap-northeast-1:3,eu-north-1:3,ap-south-1:3,sa-east-1:3,eu-central-1:3,ap-northeast-2:3,ap-southeast-2:3",10region_alto,10,30,3,wait,"1, threshold=81%",Wait for n-f to finalize,all,209.28,28.52,205.0
Minimmit,,us-east-1:5,1region_5peers,1,5,1,wait,"0, threshold=1",Multicast notarize,proposer,0.0,0.0,0.0
Minimmit,,us-east-1:5,1region_5peers,1,5,1,wait,"0, threshold=1",Multicast notarize,us-east-1,2.12,1.82,2.0
Minimmit,,us-east-1:5,1region_5peers,1,5,1,wait,"0, threshold=1",Multicast notarize,all,2.12,1.82,2.0
Minimmit,,us-east-1:5,1region_5peers,1,5,2,wait,"1, threshold=41%",Wait for 2f+1 to notarize,proposer,4.4,1.36,5.0
Minimmit,,us-east-1:5,1region_5peers,1,5,2,wait,"1, threshold=41%",Wait for 2f+1 to notarize,us-east-1,4.44,1.44,4.0
Minimmit,,us-east-1:5,1region_5peers,1,5,2,wait,"1, threshold=41%",Wait for 2f+1 to notarize,all,4.44,1.44,4.0
Minimmit,,us-east-1:5,1region_5peers,1,5,3,wait,"1, threshold=81%",Wait for n-f to finalize,proposer,7.4,1.85,7.0
Minimmit,,us-east-1:5,1region_5peers,1,5,3,wait,"1, threshold=81%",Wait for n-f to finalize,us-east-1,7.36,1.98,7.0
Minimmit,,us-east-1:5,1region_5peers,1,5,3,wait,"1, threshold=81%",Wait for n-f to finalize,all,7.36,1.98,7.0
Minimmit,,"us-east-1:3,eu-west-1:2",2region_5peers,2,5,1,wait,"0, threshold=1",Multicast notarize,proposer,0.0,0.0,0.0
Minimmit,,"us-east-1:3,eu-west-1:2",2region_5peers,2,5,1,wait,"0, threshold=1",Multicast notarize,eu-west-1,21.2,16.97,33.0
Minimmit,,"us-east-1:3,eu-west-1:2",2region_5peers,2,5,1,wait,"0, threshold=1",Multicast notarize,us-east-1,15.07,15.71,4.0
Minimmit,,"us-east-1:3,eu-west-1:2",2region_5peers,2,5,1,wait,"0, threshold=1",Multicast notarize,all,17.52,16.5,5.0
Minimmit,,"us-east-1:3,eu-west-1:2",2region_5peers,2,5,2,wait,"1, threshold=41%",Wait for 2f+1 to notarize,proposer,31.0,28.22,9.0
Minimmit,,"us-east-1:3,eu-west-1:2",2region_5peers,2,5,2,wait,"1, threshold=41%",Wait for 2f+1 to notarize,eu-west-1,48.5,13.99,38.5
Minimmit,,"us-east-1:3,eu-west-1:2",2region_5peers,2,5,2,wait,"1, threshold=41%",Wait for 2f+1 to notarize,us-east-1,18.6,14.1,8.0
Minimmit,,"us-east-1:3,eu-west-1:2",2region_5peers,2,5,2,wait,"1, threshold=41%",Wait for 2f+1 to notarize,all,30.56,20.3,36.0
Minimmit,,"us-east-1:3,eu-west-1:2",2region_5peers,2,5,3,wait,"1, threshold=81%",Wait for n-f to finalize,proposer,70.6,1.02,71.0
Minimmit,,"us-east-1:3,eu-west-1:2",2region_5peers,2,5,3,wait,"1, threshold=81%",Wait for n-f to finalize,eu-west-1,52.4,15.27,42.0
Minimmit,,"us-east-1:3,eu-west-1:2",2region_5peers,2,5,3,wait,"1, threshold=81%",Wait for n-f to finalize,us-east-1,58.13,16.24,70.0
Minimmit,,"us-east-1:3,eu-west-1:2",2region_5peers,2,5,3,wait,"1, threshold=81%",Wait for n-f to finalize,all,55.84,16.11,69.0
Minimmit,,"us-east-1:2,eu-west-1:2,ap-northeast-1:2",3region_6peers,3,6,1,wait,"0, threshold=1",Multicast notarize,proposer,0.0,0.0,0.0
Minimmit,,"us-east-1:2,eu-west-1:2,ap-northeast-1:2",3region_6peers,3,6,1,wait,"0, threshold=1",Multicast notarize,ap-northeast-1,57.83,42.43,70.5
Minimmit,,"us-east-1:2,eu-west-1:2,ap-northeast-1:2",3region_6peers,3,6,1,wait,"0, threshold=1",Multicast notarize,eu-west-1,45.33,41.57,34.5
Minimmit,,"us-east-1:2,eu-west-1:2,ap-northeast-1:2",3region_6peers,3,6,1,wait,"0, threshold=1",Multicast notarize,us-east-1,37.67,30.2,36.0
Minimmit,,"us-east-1:2,eu-west-1:2,ap-northeast-1:2",3region_6peers,3,6,1,wait,"0, threshold=1",Multicast notarize,all,46.94,39.36,36.0
Minimmit,,"us-east-1:2,eu-west-1:2,ap-northeast-1:2",3region_6peers,3,6,2,wait,"1, threshold=41%",Wait for 2f+1 to notarize,proposer,95.83,39.85,70.0
Minimmit,,"us-east-1:2,eu-west-1:2,ap-northeast-1:2",3region_6peers,3,6,2,wait,"1, threshold=41%",Wait for 2f+1 to notarize,ap-northeast-1,109.75,30.97,103.5
Minimmit,,"us-east-1:2,eu-west-1:2,ap-northeast-1:2",3region_6peers,3,6,2,wait,"1, threshold=41%",Wait for 2f+1 to notarize,eu-west-1,68.58,27.29,68.5
Minimmit,,"us-east-1:2,eu-west-1:2,ap-northeast-1:2",3region_6peers,3,6,2,wait,"1, threshold=41%",Wait for 2f+1 to notarize,us-east-1,60.83,17.32,69.0
Minimmit,,"us-east-1:2,eu-west-1:2,ap-northeast-1:2",3region_6peers,3,6,2,wait,"1, threshold=41%",Wait for 2f+1 to notarize,all,79.72,33.6,75.5
Minimmit,,"us-east-1:2,eu-west-1:2,ap-northeast-1:2",3region_6peers,3,6,3,wait,"1, threshold=81%",Wait for n-f to finalize,proposer,182.83,27.95,199.5
Minimmit,,"us-east-1:2,eu-west-1:2,ap-northeast-1:2",3region_6peers,3,6,3,wait,"1, threshold=81%",Wait for n-f to finalize,ap-northeast-1,147.25,38.72,134.0
Minimmit,,"us-east-1:2,eu-west-1:2,ap-northeast-1:2",3region_6peers,3,6,3,wait,"1, threshold=81%",Wait for n-f to finalize,eu-west-1,159.33,39.21,168.0
Minimmit,,"us-east-1:2,eu-west-1:2,ap-northeast-1:2",3region_6peers,3,6,3,wait,"1, threshold=81%",Wait for n-f to finalize,us-east-1,150.67,17.27,143.5
Minimmit,,"us-east-1:2,eu-west-1:2,ap-northeast-1:2",3region_6peers,3,6,3,wait,"1, threshold=81%",Wait for n-f to finalize,all,152.42,33.73,143.5
Minimmit,,"us-east-1:3,eu-west-1:3,ap-northeast-1:3,sa-east-1:3,eu-central-1:3",5region_15peers,5,15,1,wait,"0, threshold=1",Multicast notarize,proposer,0.0,0.0,0.0
Minimmit,,"us-east-1:3,eu-west-1:3,ap-northeast-1:3,sa-east-1:3,eu-central-1:3",5region_15peers,5,15,1,wait,"0, threshold=1",Multicast notarize,ap-northeast-1,83.89,45.04,101.0
Minimmit,,"us-east-1:3,eu-west-1:3,ap-northeast-1:3,sa-east-1:3,eu-central-1:3",5region_15peers,5,15,1,wait,"0, threshold=1",Multicast notarize,eu-central-1,55.56,45.24,47.0
Minimmit,,"us-east-1:3,eu-west-1:3,ap-northeast-1:3,sa-east-1:3,eu-central-1:3",5region_15peers,5,15,1,wait,"0, threshold=1",Multicast notarize,eu-west-1,47.53,40.13,34.0
Minimmit,,"us-east-1:3,eu-west-1:3,ap-northeast-1:3,sa-east-1:3,eu-central-1:3",5region_15peers,5,15,1,wait,"0, threshold=1",Multicast notarize,sa-east-1,75.89,44.02,88.0
Minimmit,,"us-east-1:3,eu-west-1:3,ap-northeast-1:3,sa-east-1:3,eu-central-1:3",5region_15peers,5,15,1,wait,"0, threshold=1",Multicast notarize,us-east-1,42.73,23.98,45.0
Minimmit,,"us-east-1:3,eu-west-1:3,ap-northeast-1:3,sa-east-1:3,eu-central-1:3",5region_15peers,5,15,1,wait,"0, threshold=1",Multicast notarize,all,61.12,43.56,59.0
Minimmit,,"us-east-1:3,eu-west-1:3,ap-northeast-1:3,sa-east-1:3,eu-central-1:3",5region_15peers,5,15,2,wait,"1, threshold=41%",Wait for 2f+1 to notarize,proposer,123.47,52.03,91.0
Minimmit,,"us-east-1:3,eu-west-1:3,ap-northeast-1:3,sa-east-1:3,eu-central-1:3",5region_15peers,5,15,2,wait,"1, threshold=41%",Wait for 2f+1 to notarize,ap-northeast-1,136.53,31.31,131.0
Minimmit,,"us-east-1:3,eu-west-1:3,ap-northeast-1:3,sa-east-1:3,eu-central-1:3",5region_15peers,5,15,2,wait,"1, threshold=41%",Wait for 2f+1 to notarize,eu-central-1,87.13,22.25,91.0
Minimmit,,"us-east-1:3,eu-west-1:3,ap-northeast-1:3,sa-east-1:3,eu-central-1:3",5region_15peers,5,15,2,wait,"1, threshold=41%",Wait for 2f+1 to notarize,eu-west-1,80.04,17.27,77.0
Minimmit,,"us-east-1:3,eu-west-1:3,ap-northeast-1:3,sa-east-1:3,eu-central-1:3",5region_15peers,5,15,2,wait,"1, threshold=41%",Wait for 2f+1 to notarize,sa-east-1,124.53,29.39,120.0
Minimmit,,"us-east-1:3,eu-west-1:3,ap-northeast-1:3,sa-east-1:3,eu-central-1:3",5region_15peers,5,15,2,wait,"1, threshold=41%",Wait for 2f+1 to notarize,us-east-1,89.82,32.83,90.0
Minimmit,,"us-east-1:3,eu-west-1:3,ap-northeast-1:3,sa-east-1:3,eu-central-1:3",5region_15peers,5,15,2,wait,"1, threshold=41%",Wait for 2f+1 to notarize,all,103.61,35.36,103.0
Minimmit,,"us-east-1:3,eu-west-1:3,ap-northeast-1:3,sa-east-1:3,eu-central-1:3",5region_15peers,5,15,3,wait,"1, threshold=81%",Wait for n-f to finalize,proposer,215.4,41.22,226.0
Minimmit,,"us-east-1:3,eu-west-1:3,ap-northeast-1:3,sa-east-1:3,eu-central-1:3",5region_15peers,5,15,3,wait,"1, threshold=81%",Wait for n-f to finalize,ap-northeast-1,219.31,23.34,216.0
Minimmit,,"us-east-1:3,eu-west-1:3,ap-northeast-1:3,sa-east-1:3,eu-central-1:3",5region_15peers,5,15,3,wait,"1, threshold=81%",Wait for n-f to finalize,eu-central-1,218.36,18.1,225.0
Minimmit,,"us-east-1:3,eu-west-1:3,ap-northeast-1:3,sa-east-1:3,eu-central-1:3",5region_15peers,5,15,3,wait,"1, threshold=81%",Wait for n-f to finalize,eu-west-1,205.47,18.41,213.0
Minimmit,,"us-east-1:3,eu-west-1:3,ap-northeast-1:3,sa-east-1:3,eu-central-1:3",5region_15peers,5,15,3,wait,"1, threshold=81%",Wait for n-f to finalize,sa-east-1,226.27,18.45,226.0
Minimmit,,"us-east-1:3,eu-west-1:3,ap-northeast-1:3,sa-east-1:3,eu-central-1:3",5region_15peers,5,15,3,wait,"1, threshold=81%",Wait for n-f to finalize,us-east-1,177.36,18.11,184.0
Minimmit,,"us-east-1:3,eu-west-1:3,ap-northeast-1:3,sa-east-1:3,eu-central-1:3",5region_15peers,5,15,3,wait,"1, threshold=81%",Wait for n-f to finalize,all,209.35,26.02,212.0
Simplex,,"us-west-1:3,us-east-1:3,eu-west-1:3,ap-northeast-1:3,eu-north-1:3,ap-south-1:3,sa-east-1:3,eu-central-1:3,ap-northeast-2:3,ap-southeast-2:3",10region_alto,10,30,1,wait,"0, threshold=1",Multicast notarize,proposer,0.0,0.0,0.0
Simplex,,"us-west-1:3,us-east-1:3,eu-west-1:3,ap-northeast-1:3,eu-north-1:3,ap-south-1:3,sa-east-1:3,eu-central-1:3,ap-northeast-2:3,ap-southeast-2:3",10region_alto,10,30,1,wait,"0, threshold=1",Multicast notarize,ap-northeast-1,73.48,41.53,73.0
Simplex,,"us-west-1:3,us-east-1:3,eu-west-1:3,ap-northeast-1:3,eu-north-1:3,ap-south-1:3,sa-east-1:3,eu-central-1:3,ap-northeast-2:3,ap-southeast-2:3",10region_alto,10,30,1,wait,"0, threshold=1",Multicast notarize,ap-northeast-2,81.88,44.62,81.0
Simplex,,"us-west-1:3,us-east-1:3,eu-west-1:3,ap-northeast-1:3,eu-north-1:3,ap-south-1:3,sa-east-1:3,eu-central-1:3,ap-northeast-2:3,ap-southeast-2:3",10region_alto,10,30,1,wait,"0, threshold=1",Multicast notarize,ap-south-1,77.68,37.15,72.5
Simplex,,"us-west-1:3,us-east-1:3,eu-west-1:3,ap-northeast-1:3,eu-north-1:3,ap-south-1:3,sa-east-1:3,eu-central-1:3,ap-northeast-2:3,ap-southeast-2:3",10region_alto,10,30,1,wait,"0, threshold=1",Multicast notarize,ap-southeast-2,91.53,43.98,87.5
Simplex,,"us-west-1:3,us-east-1:3,eu-west-1:3,ap-northeast-1:3,eu-north-1:3,ap-south-1:3,sa-east-1:3,eu-central-1:3,ap-northeast-2:3,ap-southeast-2:3",10region_alto,10,30,1,wait,"0, threshold=1",Multicast notarize,eu-central-1,66.26,44.58,71.5
Simplex,,"us-west-1:3,us-east-1:3,eu-west-1:3,ap-northeast-1:3,eu-north-1:3,ap-south-1:3,sa-east-1:3,eu-central-1:3,ap-northeast-2:3,ap-southeast-2:3",10region_alto,10,30,1,wait,"0, threshold=1",Multicast notarize,eu-north-1,73.99,48.04,79.5
Simplex,,"us-west-1:3,us-east-1:3,eu-west-1:3,ap-northeast-1:3,eu-north-1:3,ap-south-1:3,sa-east-1:3,eu-central-1:3,ap-northeast-2:3,ap-southeast-2:3",10region_alto,10,30,1,wait,"0, threshold=1",Multicast notarize,eu-west-1,62.66,42.43,63.0
Simplex,,"us-west-1:3,us-east-1:3,eu-west-1:3,ap-northeast-1:3,eu-north-1:3,ap-south-1:3,sa-east-1:3,eu-central-1:3,ap-northeast-2:3,ap-southeast-2:3",10region_alto,10,30,1,wait,"0, threshold=1",Multicast notarize,sa-east-1,102.43,45.13,106.5
Simplex,,"us-west-1:3,us-east-1:3,eu-west-1:3,ap-northeast-1:3,eu-north-1:3,ap-south-1:3,sa-east-1:3,eu-central-1:3,ap-northeast-2:3,ap-southeast-2:3",10region_alto,10,30,1,wait,"0, threshold=1",Multicast notarize,us-east-1,57.99,29.2,56.0
Simplex,,"us-west-1:3,us-east-1:3,eu-west-1:3,ap-northeast-1:3,eu-north-1:3,ap-south-1:3,sa-east-1:3,eu-central-1:3,ap-northeast-2:3,ap-southeast-2:3",10region_alto,10,30,1,wait,"0, threshold=1",Multicast notarize,us-west-1,64.76,29.97,67.0
Simplex,,"us-west-1:3,us-east-1:3,eu-west-1:3,ap-northeast-1:3,eu-north-1:3,ap-south-1:3,sa-east-1:3,eu-central-1:3,ap-northeast-2:3,ap-southeast-2:3",10region_alto,10,30,1,wait,"0, threshold=1",Multicast notarize,all,75.26,43.15,74.0
Simplex,,"us-west-1:3,us-east-1:3,eu-west-1:3,ap-northeast-1:3,eu-north-1:3,ap-south-1:3,sa-east-1:3,eu-central-1:3,ap-northeast-2:3,ap-southeast-2:3",10region_alto,10,30,2,wait,"1, threshold=67%",Multicast finalize after observing 2f+1 notarize,proposer,201.97,37.23,205.0
Simplex,,"us-west-1:3,us-east-1:3,eu-west-1:3,ap-northeast-1:3,eu-north-1:3,ap-south-1:3,sa-east-1:3,eu-central-1:3,ap-northeast-2:3,ap-southeast-2:3",10region_alto,10,30,2,wait,"1, threshold=67%",Multicast finalize after observing 2f+1 notarize,ap-northeast-1,179.16,33.6,178.0
Simplex,,"us-west-1:3,us-east-1:3,eu-west-1:3,ap-northeast-1:3,eu-north-1:3,ap-south-1:3,sa-east-1:3,eu-central-1:3,ap-northeast-2:3,ap-southeast-2:3",10region_alto,10,30,2,wait,"1, threshold=67%",Multicast finalize after observing 2f+1 notarize,ap-northeast-2,186.26,36.11,186.0
Simplex,,"us-west-1:3,us-east-1:3,eu-west-1:3,ap-northeast-1:3,eu-north-1:3,ap-south-1:3,sa-east-1:3,eu-central-1:3,ap-northeast-2:3,ap-southeast-2:3",10region_alto,10,30,2,wait,"1, threshold=67%",Multicast finalize after observing 2f+1 notarize,ap-south-1,176.58,18.74,180.0
Simplex,,"us-west-1:3,us-east-1:3,eu-west-1:3,ap-northeast-1:3,eu-north-1:3,ap-south-1:3,sa-east-1:3,eu-central-1:3,ap-northeast-2:3,ap-southeast-2:3",10region_alto,10,30,2,wait,"1, threshold=67%",Multicast finalize after observing 2f+1 notarize,ap-southeast-2,196.07,35.79,195.5
Simplex,,"us-west-1:3,us-east-1:3,eu-west-1:3,ap-northeast-1:3,eu-north-1:3,ap-south-1:3,sa-east-1:3,eu-central-1:3,ap-northeast-2:3,ap-southeast-2:3",10region_alto,10,30,2,wait,"1, threshold=67%",Multicast finalize after observing 2f+1 notarize,eu-central-1,179.09,28.31,185.0
Simplex,,"us-west-1:3,us-east-1:3,eu-west-1:3,ap-northeast-1:3,eu-north-1:3,ap-south-1:3,sa-east-1:3,eu-central-1:3,ap-northeast-2:3,ap-southeast-2:3",10region_alto,10,30,2,wait,"1, threshold=67%",Multicast finalize after observing 2f+1 notarize,eu-north-1,188.02,29.07,194.5
Simplex,,"us-west-1:3,us-east-1:3,eu-west-1:3,ap-northeast-1:3,eu-north-1:3,ap-south-1:3,sa-east-1:3,eu-central-1:3,ap-northeast-2:3,ap-southeast-2:3",10region_alto,10,30,2,wait,"1, threshold=67%",Multicast finalize after observing 2f+1 notarize,eu-west-1,173.89,25.21,178.0
Simplex,,"us-west-1:3,us-east-1:3,eu-west-1:3,ap-northeast-1:3,eu-north-1:3,ap-south-1:3,sa-east-1:3,eu-central-1:3,ap-northeast-2:3,ap-southeast-2:3",10region_alto,10,30,2,wait,"1, threshold=67%",Multicast finalize after observing 2f+1 notarize,sa-east-1,217.46,17.29,215.0
Simplex,,"us-west-1:3,us-east-1:3,eu-west-1:3,ap-northeast-1:3,eu-north-1:3,ap-south-1:3,sa-east-1:3,eu-central-1:3,ap-northeast-2:3,ap-southeast-2:3",10region_alto,10,30,2,wait,"1, threshold=67%",Multicast finalize after observing 2f+1 notarize,us-east-1,165.19,16.49,162.0
Simplex,,"us-west-1:3,us-east-1:3,eu-west-1:3,ap-northeast-1:3,eu-north-1:3,ap-south-1:3,sa-east-1:3,eu-central-1:3,ap-northeast-2:3,ap-southeast-2:3",10region_alto,10,30,2,wait,"1, threshold=67%",Multicast finalize after observing 2f+1 notarize,us-west-1,175.47,19.41,182.5
Simplex,,"us-west-1:3,us-east-1:3,eu-west-1:3,ap-northeast-1:3,eu-north-1:3,ap-south-1:3,sa-east-1:3,eu-central-1:3,ap-northeast-2:3,ap-southeast-2:3",10region_alto,10,30,2,wait,"1, threshold=67%",Multicast finalize after observing 2f+1 notarize,all,183.72,30.35,184.0
Simplex,,"us-west-1:3,us-east-1:3,eu-west-1:3,ap-northeast-1:3,eu-north-1:3,ap-south-1:3,sa-east-1:3,eu-central-1:3,ap-northeast-2:3,ap-southeast-2:3",10region_alto,10,30,3,wait,"2, threshold=67%",Wait for 2f+1 finalize,proposer,268.87,27.44,259.0
Simplex,,"us-west-1:3,us-east-1:3,eu-west-1:3,ap-northeast-1:3,eu-north-1:3,ap-south-1:3,sa-east-1:3,eu-central-1:3,ap-northeast-2:3,ap-southeast-2:3",10region_alto,10,30,3,wait,"2, threshold=67%",Wait for 2f+1 finalize,ap-northeast-1,281.6,21.06,281.5
Simplex,,"us-west-1:3,us-east-1:3,eu-west-1:3,ap-northeast-1:3,eu-north-1:3,ap-south-1:3,sa-east-1:3,eu-central-1:3,ap-northeast-2:3,ap-southeast-2:3",10region_alto,10,30,3,wait,"2, threshold=67%",Wait for 2f+1 finalize,ap-northeast-2,292.52,22.07,294.0
Simplex,,"us-west-1:3,us-east-1:3,eu-west-1:3,ap-northeast-1:3,eu-north-1:3,ap-south-1:3,sa-east-1:3,eu-central-1:3,ap-northeast-2:3,ap-southeast-2:3",10region_alto,10,30,3,wait,"2, threshold=67%",Wait for 2f+1 finalize,ap-south-1,278.16,18.8,276.0
Simplex,,"us-west-1:3,us-east-1:3,eu-west-1:3,ap-northeast-1:3,eu-north-1:3,ap-south-1:3,sa-east-1:3,eu-central-1:3,ap-northeast-2:3,ap-southeast-2:3",10region_alto,10,30,3,wait,"2, threshold=67%",Wait for 2f+1 finalize,ap-southeast-2,303.6,23.14,306.0
Simplex,,"us-west-1:3,us-east-1:3,eu-west-1:3,ap-northeast-1:3,eu-north-1:3,ap-south-1:3,sa-east-1:3,eu-central-1:3,ap-northeast-2:3,ap-southeast-2:3",10region_alto,10,30,3,wait,"2, threshold=67%",Wait for 2f+1 finalize,eu-central-1,291.09,26.83,293.0
Simplex,,"us-west-1:3,us-east-1:3,eu-west-1:3,ap-northeast-1:3,eu-north-1:3,ap-south-1:3,sa-east-1:3,eu-central-1:3,ap-northeast-2:3,ap-southeast-2:3",10region_alto,10,30,3,wait,"2, threshold=67%",Wait for 2f+1 finalize,eu-north-1,300.71,26.82,302.5
Simplex,,"us-west-1:3,us-east-1:3,eu-west-1:3,ap-northeast-1:3,eu-north-1:3,ap-south-1:3,sa-east-1:3,eu-central-1:3,ap-northeast-2:3,ap-southeast-2:3",10region_alto,10,30,3,wait,"2, threshold=67%",Wait for 2f+1 finalize,eu-west-1,281.61,24.36,282.0
Simplex,,"us-west-1:3,us-east-1:3,eu-west-1:3,ap-northeast-1:3,eu-north-1:3,ap-south-1:3,sa-east-1:3,eu-central-1:3,ap-northeast-2:3,ap-southeast-2:3",10region_alto,10,30,3,wait,"2, threshold=67%",Wait for 2f+1 finalize,sa-east-1,316.68,18.08,311.0
Simplex,,"us-west-1:3,us-east-1:3,eu-west-1:3,ap-northeast-1:3,eu-north-1:3,ap-south-1:3,sa-east-1:3,eu-central-1:3,ap-northeast-2:3,ap-southeast-2:3",10region_alto,10,30,3,wait,"2, threshold=67%",Wait for 2f+1 finalize,us-east-1,267.44,16.77,259.0
Simplex,,"us-west-1:3,us-east-1:3,eu-west-1:3,ap-northeast-1:3,eu-north-1:3,ap-south-1:3,sa-east-1:3,eu-central-1:3,ap-northeast-2:3,ap-southeast-2:3",10region_alto,10,30,3,wait,"2, threshold=67%",Wait for 2f+1 finalize,us-west-1,279.79,17.78,282.5
Simplex,,"us-west-1:3,us-east-1:3,eu-west-1:3,ap-northeast-1:3,eu-north-1:3,ap-south-1:3,sa-east-1:3,eu-central-1:3,ap-northeast-2:3,ap-southeast-2:3",10region_alto,10,30,3,wait,"2, threshold=67%",Wait for 2f+1 finalize,all,289.32,25.85,289.0
Simplex,,us-east-1:5,1region_5peers,1,5,1,wait,"0, threshold=1",Multicast notarize,proposer,0.0,0.0,0.0
Simplex,,us-east-1:5,1region_5peers,1,5,1,wait,"0, threshold=1",Multicast notarize,us-east-1,2.12,1.82,2.0
Simplex,,us-east-1:5,1region_5peers,1,5,1,wait,"0, threshold=1",Multicast notarize,all,2.12,1.82,2.0
Simplex,,us-east-1:5,1region_5peers,1,5,2,wait,"1, threshold=67%",Multicast finalize after observing 2f+1 notarize,proposer,5.4,1.36,6.0
Simplex,,us-east-1:5,1region_5peers,1,5,2,wait,"1, threshold=67%",Multicast finalize after observing 2f+1 notarize,us-east-1,5.48,1.7,5.0
Simplex,,us-east-1:5,1region_5peers,1,5,2,wait,"1, threshold=67%",Multicast finalize after observing 2f+1 notarize,all,5.48,1.7,5.0
Simplex,,us-east-1:5,1region_5peers,1,5,3,wait,"2, threshold=67%",Wait for 2f+1 finalize,proposer,8.8,1.17,9.0
Simplex,,us-east-1:5,1region_5peers,1,5,3,wait,"2, threshold=67%",Wait for 2f+1 finalize,us-east-1,8.8,1.9,9.0
Simplex,,us-east-1:5,1region_5peers,1,5,3,wait,"2, threshold=67%",Wait for 2f+1 finalize,all,8.8,1.9,9.0
Simplex,,"us-east-1:3,eu-west-1:2",2region_5peers,2,5,1,wait,"0, threshold=1",Multicast notarize,proposer,0.0,0.0,0.0
Simplex,,"us-east-1:3,eu-west-1:2",2region_5peers,2,5,1,wait,"0, threshold=1",Multicast notarize,eu-west-1,21.2,16.97,33.0
Simplex,,"us-east-1:3,eu-west-1:2",2region_5peers,2,5,1,wait,"0, threshold=1",Multicast notarize,us-east-1,15.07,15.71,4.0
Simplex,,"us-east-1:3,eu-west-1:2",2region_5peers,2,5,1,wait,"0, threshold=1",Multicast notarize,all,17.52,16.5,5.0
Simplex,,"us-east-1:3,eu-west-1:2",2region_5peers,2,5,2,wait,"1, threshold=67%",Multicast finalize after observing 2f+1 notarize,proposer,67.0,2.19,67.0
Simplex,,"us-east-1:3,eu-west-1:2",2region_5peers,2,5,2,wait,"1, threshold=67%",Multicast finalize after observing 2f+1 notarize,eu-west-1,49.8,14.38,39.0
Simplex,,"us-east-1:3,eu-west-1:2",2region_5peers,2,5,2,wait,"1, threshold=67%",Multicast finalize after observing 2f+1 notarize,us-east-1,55.0,15.05,65.0
Simplex,,"us-east-1:3,eu-west-1:2",2region_5peers,2,5,2,wait,"1, threshold=67%",Multicast finalize after observing 2f+1 notarize,all,52.92,15.0,64.0
Simplex,,"us-east-1:3,eu-west-1:2",2region_5peers,2,5,3,wait,"2, threshold=67%",Wait for 2f+1 finalize,proposer,72.6,1.5,73.0
Simplex,,"us-east-1:3,eu-west-1:2",2region_5peers,2,5,3,wait,"2, threshold=67%",Wait for 2f+1 finalize,eu-west-1,89.2,14.55,99.0
Simplex,,"us-east-1:3,eu-west-1:2",2region_5peers,2,5,3,wait,"2, threshold=67%",Wait for 2f+1 finalize,us-east-1,84.27,14.08,74.0
Simplex,,"us-east-1:3,eu-west-1:2",2region_5peers,2,5,3,wait,"2, threshold=67%",Wait for 2f+1 finalize,all,86.24,14.47,74.0
Simplex,,"us-east-1:2,eu-west-1:2,ap-northeast-1:2",3region_6peers,3,6,1,wait,"0, threshold=1",Multicast notarize,proposer,0.0,0.0,0.0
Simplex,,"us-east-1:2,eu-west-1:2,ap-northeast-1:2",3region_6peers,3,6,1,wait,"0, threshold=1",Multicast notarize,ap-northeast-1,57.83,42.43,70.5
Simplex,,"us-east-1:2,eu-west-1:2,ap-northeast-1:2",3region_6peers,3,6,1,wait,"0, threshold=1",Multicast notarize,eu-west-1,45.33,41.57,34.5
Simplex,,"us-east-1:2,eu-west-1:2,ap-northeast-1:2",3region_6peers,3,6,1,wait,"0, threshold=1",Multicast notarize,us-east-1,37.67,30.2,36.0
Simplex,,"us-east-1:2,eu-west-1:2,ap-northeast-1:2",3region_6peers,3,6,1,wait,"0, threshold=1",Multicast notarize,all,46.94,39.36,36.0
Simplex,,"us-east-1:2,eu-west-1:2,ap-northeast-1:2",3region_6peers,3,6,2,wait,"1, threshold=67%",Multicast finalize after observing 2f+1 notarize,proposer,182.83,27.95,199.5
Simplex,,"us-east-1:2,eu-west-1:2,ap-northeast-1:2",3region_6peers,3,6,2,wait,"1, threshold=67%",Multicast finalize after observing 2f+1 notarize,ap-northeast-1,147.25,38.72,134.0
Simplex,,"us-east-1:2,eu-west-1:2,ap-northeast-1:2",3region_6peers,3,6,2,wait,"1, threshold=67%",Multicast finalize after observing 2f+1 notarize,eu-west-1,159.33,39.21,168.0
Simplex,,"us-east-1:2,eu-west-1:2,ap-northeast-1:2",3region_6peers,3,6,2,wait,"1, threshold=67%",Multicast finalize after observing 2f+1 notarize,us-east-1,150.67,17.27,143.5
Simplex,,"us-east-1:2,eu-west-1:2,ap-northeast-1:2",3region_6peers,3,6,2,wait,"1, threshold=67%",Multicast finalize after observing 2f+1 notarize,all,152.42,33.73,143.5
Simplex,,"us-east-1:2,eu-west-1:2,ap-northeast-1:2",3region_6peers,3,6,3,wait,"2, threshold=67%",Wait for 2f+1 finalize,proposer,208.33,2.05,209.0
Simplex,,"us-east-1:2,eu-west-1:2,ap-northeast-1:2",3region_6peers,3,6,3,wait,"2, threshold=67%",Wait for 2f+1 finalize,ap-northeast-1,259.33,37.74,267.0
Simplex,,"us-east-1:2,eu-west-1:2,ap-northeast-1:2",3region_6peers,3,6,3,wait,"2, threshold=67%",Wait for 2f+1 finalize,eu-west-1,246.42,35.99,233.0
Simplex,,"us-east-1:2,eu-west-1:2,ap-northeast-1:2",3region_6peers,3,6,3,wait,"2, threshold=67%",Wait for 2f+1 finalize,us-east-1,237.92,27.0,234.5
Simplex,,"us-east-1:2,eu-west-1:2,ap-northeast-1:2",3region_6peers,3,6,3,wait,"2, threshold=67%",Wait for 2f+1 finalize,all,247.89,35.03,238.5
Simplex,,"us-east-1:3,eu-west-1:3,ap-northeast-1:3,sa-east-1:3,eu-central-1:3",5region_15peers,5,15,1,wait,"0, threshold=1",Multicast notarize,proposer,0.0,0.0,0.0
Simplex,,"us-east-1:3,eu-west-1:3,ap-northeast-1:3,sa-east-1:3,eu-central-1:3",5region_15peers,5,15,1,wait,"0, threshold=1",Multicast notarize,ap-northeast-1,83.89,45.04,101.0
Simplex,,"us-east-1:3,eu-west-1:3,ap-northeast-1:3,sa-east-1:3,eu-central-1:3",5region_15peers,5,15,1,wait,"0, threshold=1",Multicast notarize,eu-central-1,55.56,45.24,47.0
Simplex,,"us-east-1:3,eu-west-1:3,ap-northeast-1:3,sa-east-1:3,eu-central-1:3",5region_15peers,5,15,1,wait,"0, threshold=1",Multicast notarize,eu-west-1,47.53,40.13,34.0
Simplex,,"us-east-1:3,eu-west-1:3,ap-northeast-1:3,sa-east-1:3,eu-central-1:3",5region_15peers,5,15,1,wait,"0, threshold=1",Multicast notarize,sa-east-1,75.89,44.02,88.0
Simplex,,"us-east-1:3,eu-west-1:3,ap-northeast-1:3,sa-east-1:3,eu-central-1:3",5region_15peers,5,15,1,wait,"0, threshold=1",Multicast notarize,us-east-1,42.73,23.98,45.0
Simplex,,"us-east-1:3,eu-west-1:3,ap-northeast-1:3,sa-east-1:3,eu-central-1:3",5region_15peers,5,15,1,wait,"0, threshold=1",Multicast notarize,all,61.12,43.56,59.0
Simplex,,"us-east-1:3,eu-west-1:3,ap-northeast-1:3,sa-east-1:3,eu-central-1:3",5region_15peers,5,15,2,wait,"1, threshold=67%",Multicast finalize after observing 2f+1 notarize,proposer,185.13,37.8,203.0
Simplex,,"us-east-1:3,eu-west-1:3,ap-northeast-1:3,sa-east-1:3,eu-central-1:3",5region_15peers,5,15,2,wait,"1, threshold=67%",Multicast finalize after observing 2f+1 notarize,ap-northeast-1,164.02,39.89,161.0
Simplex,,"us-east-1:3,eu-west-1:3,ap-northeast-1:3,sa-east-1:3,eu-central-1:3",5region_15peers,5,15,2,wait,"1, threshold=67%",Multicast finalize after observing 2f+1 notarize,eu-central-1,156.13,38.4,161.0
Simplex,,"us-east-1:3,eu-west-1:3,ap-northeast-1:3,sa-east-1:3,eu-central-1:3",5region_15peers,5,15,2,wait,"1, threshold=67%",Multicast finalize after observing 2f+1 notarize,eu-west-1,151.33,28.98,147.0
Simplex,,"us-east-1:3,eu-west-1:3,ap-northeast-1:3,sa-east-1:3,eu-central-1:3",5region_15peers,5,15,2,wait,"1, threshold=67%",Multicast finalize after observing 2f+1 notarize,sa-east-1,152.44,39.12,149.0
Simplex,,"us-east-1:3,eu-west-1:3,ap-northeast-1:3,sa-east-1:3,eu-central-1:3",5region_15peers,5,15,2,wait,"1, threshold=67%",Multicast finalize after observing 2f+1 notarize,us-east-1,145.31,15.79,148.0
Simplex,,"us-east-1:3,eu-west-1:3,ap-northeast-1:3,sa-east-1:3,eu-central-1:3",5region_15peers,5,15,2,wait,"1, threshold=67%",Multicast finalize after observing 2f+1 notarize,all,153.85,34.28,149.0
Simplex,,"us-east-1:3,eu-west-1:3,ap-northeast-1:3,sa-east-1:3,eu-central-1:3",5region_15peers,5,15,3,wait,"2, threshold=67%",Wait for 2f+1 finalize,proposer,213.2,12.02,208.0
Simplex,,"us-east-1:3,eu-west-1:3,ap-northeast-1:3,sa-east-1:3,eu-central-1:3",5region_15peers,5,15,3,wait,"2, threshold=67%",Wait for 2f+1 finalize,ap-northeast-1,260.04,26.14,273.0
Simplex,,"us-east-1:3,eu-west-1:3,ap-northeast-1:3,sa-east-1:3,eu-central-1:3",5region_15peers,5,15,3,wait,"2, threshold=67%",Wait for 2f+1 finalize,eu-central-1,253.93,38.15,251.0
Simplex,,"us-east-1:3,eu-west-1:3,ap-northeast-1:3,sa-east-1:3,eu-central-1:3",5region_15peers,5,15,3,wait,"2, threshold=67%",Wait for 2f+1 finalize,eu-west-1,245.4,33.34,238.0
Simplex,,"us-east-1:3,eu-west-1:3,ap-northeast-1:3,sa-east-1:3,eu-central-1:3",5region_15peers,5,15,3,wait,"2, threshold=67%",Wait for 2f+1 finalize,sa-east-1,247.29,27.68,262.0
Simplex,,"us-east-1:3,eu-west-1:3,ap-northeast-1:3,sa-east-1:3,eu-central-1:3",5region_15peers,5,15,3,wait,"2, threshold=67%",Wait for 2f+1 finalize,us-east-1,230.04,19.97,224.0
Simplex,,"us-east-1:3,eu-west-1:3,ap-northeast-1:3,sa-east-1:3,eu-central-1:3",5region_15peers,5,15,3,wait,"2, threshold=67%",Wait for 2f+1 finalize,all,247.34,31.38,246.0
